fecha;hora;mes;dia_semana;skill;agente_id;min_planificados;min_en_estado_planificado;seg_conversacion;seg_hold;seg_acw;seg_disponible
2026-07-01;7;2026-07;Miércoles;SAC;AG01101;60;55;468;0;58;2774
2026-07-01;7;2026-07;Miércoles;PQRS;AG02101;60;57;2353;265;275;527
2026-07-01;8;2026-07;Miércoles;SAC;AG01101;60;55;1344;234;300;1422
2026-07-01;8;2026-07;Miércoles;PQRS;AG02101;60;52;1270;70;136;1644
2026-07-01;9;2026-07;Miércoles;SAC;AG01101;60;55;2398;165;438;299
2026-07-01;9;2026-07;Miércoles;PQRS;AG02101;60;54;2153;99;119;869
2026-07-01;9;2026-07;Miércoles;Venta;AG03101;60;53;616;27;126;2411
2026-07-01;10;2026-07;Miércoles;SAC;AG01101;60;48;3143;484;464;86
2026-07-01;10;2026-07;Miércoles;PQRS;AG02101;60;55;4754;392;458;99
2026-07-01;10;2026-07;Miércoles;Venta;AG03101;60;57;2544;94;224;558
2026-07-01;11;2026-07;Miércoles;SAC;AG01101;60;56;4150;319;734;101
2026-07-01;11;2026-07;Miércoles;PQRS;AG02101;60;55;1843;0;126;1331
2026-07-01;11;2026-07;Miércoles;PQRS;AG02102;60;51;2090;56;266;648
2026-07-01;11;2026-07;Miércoles;Venta;AG03101;60;53;3472;176;232;95
2026-07-01;12;2026-07;Miércoles;SAC;AG01101;60;55;2790;385;527;99
2026-07-01;12;2026-07;Miércoles;PQRS;AG02101;60;59;2210;165;144;1021
2026-07-01;12;2026-07;Miércoles;PQRS;AG02102;60;56;2541;24;290;505
2026-07-01;12;2026-07;Miércoles;Venta;AG03101;60;55;1136;107;83;1974
2026-07-01;13;2026-07;Miércoles;SAC;AG01101;60;58;3270;318;712;104
2026-07-01;13;2026-07;Miércoles;PQRS;AG02101;60;54;5899;398;473;97
2026-07-01;13;2026-07;Miércoles;Venta;AG03101;60;54;1440;52;133;1615
2026-07-01;14;2026-07;Miércoles;SAC;AG01101;60;53;2264;462;478;95
2026-07-01;14;2026-07;Miércoles;PQRS;AG02101;60;53;2188;10;240;742
2026-07-01;14;2026-07;Miércoles;Venta;AG03101;60;52;727;96;104;2193
2026-07-01;15;2026-07;Miércoles;SAC;AG01201;60;51;3398;94;527;92
2026-07-01;15;2026-07;Miércoles;PQRS;AG02201;60;55;3073;80;232;99
2026-07-01;15;2026-07;Miércoles;Venta;AG03201;60;57;0;0;0;3420
2026-07-01;16;2026-07;Miércoles;SAC;AG01201;60;55;1440;96;289;1475
2026-07-01;16;2026-07;Miércoles;PQRS;AG02201;60;43;3966;148;382;77
2026-07-01;16;2026-07;Miércoles;Venta;AG03201;60;57;744;27;32;2617
2026-07-01;17;2026-07;Miércoles;SAC;AG01201;60;54;1764;256;334;886
2026-07-01;17;2026-07;Miércoles;PQRS;AG02201;60;57;4929;314;364;103
2026-07-01;17;2026-07;Miércoles;Venta;AG03201;60;56;693;0;63;2604
2026-07-01;18;2026-07;Miércoles;SAC;AG01201;60;58;4225;464;601;104
2026-07-01;18;2026-07;Miércoles;PQRS;AG02201;60;57;6144;93;553;103
2026-07-01;18;2026-07;Miércoles;Venta;AG03201;60;55;2174;24;146;956
2026-07-01;19;2026-07;Miércoles;SAC;AG01201;60;55;2490;131;329;350
2026-07-01;19;2026-07;Miércoles;PQRS;AG02201;60;57;5411;205;537;103
2026-07-01;19;2026-07;Miércoles;Venta;AG03201;60;55;2642;100;230;328
2026-07-01;20;2026-07;Miércoles;SAC;AG01201;60;55;2443;291;494;99
2026-07-01;20;2026-07;Miércoles;PQRS;AG02201;60;52;4185;160;429;94
2026-07-01;20;2026-07;Miércoles;Venta;AG03201;60;58;200;25;15;3240
2026-07-01;21;2026-07;Miércoles;SAC;AG01201;60;55;2916;228;357;99
2026-07-01;21;2026-07;Miércoles;PQRS;AG02201;60;54;1804;151;216;1069
2026-07-01;22;2026-07;Miércoles;SAC;AG01201;60;57;2380;116;230;694
2026-07-01;22;2026-07;Miércoles;PQRS;AG02201;60;47;2841;131;136;85
2026-07-02;7;2026-07;Jueves;SAC;AG01101;60;57;1428;0;217;1775
2026-07-02;7;2026-07;Jueves;PQRS;AG02101;60;58;818;32;76;2554
2026-07-02;8;2026-07;Jueves;SAC;AG01101;60;53;793;130;179;2078
2026-07-02;8;2026-07;Jueves;PQRS;AG02101;60;58;2527;40;245;668
2026-07-02;9;2026-07;Jueves;SAC;AG01101;60;51;2019;126;319;596
2026-07-02;9;2026-07;Jueves;PQRS;AG02101;60;57;4076;39;288;103
2026-07-02;9;2026-07;Jueves;Venta;AG03101;60;55;1305;0;140;1855
2026-07-02;10;2026-07;Jueves;SAC;AG01101;60;52;4523;401;827;94
2026-07-02;10;2026-07;Jueves;PQRS;AG02101;60;57;1884;157;227;1152
2026-07-02;10;2026-07;Jueves;Venta;AG03101;60;57;0;0;0;3420
2026-07-02;11;2026-07;Jueves;SAC;AG01101;60;56;3177;438;485;101
2026-07-02;11;2026-07;Jueves;PQRS;AG02101;60;54;2711;147;323;97
2026-07-02;11;2026-07;Jueves;PQRS;AG02102;60;48;3968;154;358;86
2026-07-02;11;2026-07;Jueves;Venta;AG03101;60;53;302;0;40;2838
2026-07-02;12;2026-07;Jueves;SAC;AG01101;60;57;3363;230;517;103
2026-07-02;12;2026-07;Jueves;PQRS;AG02101;60;55;3406;80;328;99
2026-07-02;12;2026-07;Jueves;PQRS;AG02102;60;57;2542;246;200;432
2026-07-02;12;2026-07;Jueves;Venta;AG03101;60;59;3096;59;199;186
2026-07-02;13;2026-07;Jueves;SAC;AG01101;60;52;2932;173;471;94
2026-07-02;13;2026-07;Jueves;PQRS;AG02101;60;57;5865;270;454;103
2026-07-02;13;2026-07;Jueves;Venta;AG03101;60;53;1204;0;39;1937
2026-07-02;14;2026-07;Jueves;SAC;AG01101;60;56;3268;217;484;101
2026-07-02;14;2026-07;Jueves;PQRS;AG02101;60;53;1750;159;203;1068
2026-07-02;14;2026-07;Jueves;Venta;AG03101;60;51;1399;109;123;1429
2026-07-02;15;2026-07;Jueves;SAC;AG01201;60;53;2719;396;437;95
2026-07-02;15;2026-07;Jueves;PQRS;AG02201;60;53;3089;42;310;95
2026-07-02;15;2026-07;Jueves;Venta;AG03201;60;54;1224;17;131;1868
2026-07-02;16;2026-07;Jueves;SAC;AG01201;60;57;2185;195;368;672
2026-07-02;16;2026-07;Jueves;PQRS;AG02201;60;55;2525;62;292;421
2026-07-02;16;2026-07;Jueves;Venta;AG03201;60;54;174;0;22;3044
2026-07-02;17;2026-07;Jueves;SAC;AG01201;60;57;2906;82;418;103
2026-07-02;17;2026-07;Jueves;PQRS;AG02201;60;54;4815;254;441;97
2026-07-02;17;2026-07;Jueves;Venta;AG03201;60;52;1099;0;66;1955
2026-07-02;18;2026-07;Jueves;SAC;AG01201;60;54;3815;153;630;97
2026-07-02;18;2026-07;Jueves;PQRS;AG02201;60;55;6171;277;561;99
2026-07-02;18;2026-07;Jueves;Venta;AG03201;60;55;1873;60;195;1172
2026-07-02;19;2026-07;Jueves;SAC;AG01201;60;55;3295;540;513;99
2026-07-02;19;2026-07;Jueves;PQRS;AG02201;60;53;4467;68;391;95
2026-07-02;19;2026-07;Jueves;Venta;AG03201;60;57;822;0;69;2529
2026-07-02;20;2026-07;Jueves;SAC;AG01201;60;58;2678;183;572;104
2026-07-02;20;2026-07;Jueves;PQRS;AG02201;60;57;5793;367;424;103
2026-07-02;20;2026-07;Jueves;Venta;AG03201;60;57;1664;42;167;1547
2026-07-02;21;2026-07;Jueves;SAC;AG01201;60;56;1486;43;204;1627
2026-07-02;21;2026-07;Jueves;PQRS;AG02201;60;56;3129;148;287;101
2026-07-02;22;2026-07;Jueves;SAC;AG01201;60;56;2158;49;247;906
2026-07-02;22;2026-07;Jueves;PQRS;AG02201;60;56;2212;151;193;804
2026-07-03;7;2026-07;Viernes;SAC;AG01101;60;55;1163;43;174;1920
2026-07-03;7;2026-07;Viernes;PQRS;AG02101;60;57;1343;10;176;1891
2026-07-03;8;2026-07;Viernes;SAC;AG01101;60;57;3241;235;538;103
2026-07-03;8;2026-07;Viernes;PQRS;AG02101;60;58;3745;282;341;104
2026-07-03;9;2026-07;Viernes;SAC;AG01101;60;57;2383;194;430;413
2026-07-03;9;2026-07;Viernes;PQRS;AG02101;60;56;4785;414;354;101
2026-07-03;9;2026-07;Viernes;Venta;AG03101;60;57;1327;83;115;1895
2026-07-03;10;2026-07;Viernes;SAC;AG01101;60;55;4323;363;673;99
2026-07-03;10;2026-07;Viernes;PQRS;AG02101;60;53;4034;195;392;95
2026-07-03;10;2026-07;Viernes;Venta;AG03101;60;52;773;0;103;2244
2026-07-03;11;2026-07;Viernes;SAC;AG01101;60;53;3526;399;635;95
2026-07-03;11;2026-07;Viernes;PQRS;AG02101;60;52;1677;87;242;1114
2026-07-03;11;2026-07;Viernes;PQRS;AG02102;60;58;6264;160;494;104
2026-07-03;11;2026-07;Viernes;Venta;AG03101;60;54;1010;40;91;2099
2026-07-03;12;2026-07;Viernes;SAC;AG01101;60;59;2880;556;549;106
2026-07-03;12;2026-07;Viernes;PQRS;AG02101;60;58;2026;0;197;1257
2026-07-03;12;2026-07;Viernes;PQRS;AG02102;60;55;2032;42;217;1009
2026-07-03;12;2026-07;Viernes;Venta;AG03101;60;53;1754;64;264;1098
2026-07-03;13;2026-07;Viernes;SAC;AG01101;60;54;4387;317;656;97
2026-07-03;13;2026-07;Viernes;PQRS;AG02101;60;45;6036;255;496;81
2026-07-03;13;2026-07;Viernes;Venta;AG03101;60;55;1737;95;132;1336
2026-07-03;14;2026-07;Viernes;SAC;AG01101;60;57;3391;109;680;103
2026-07-03;14;2026-07;Viernes;PQRS;AG02101;60;54;2761;115;294;97
2026-07-03;14;2026-07;Viernes;Venta;AG03101;60;58;1996;0;268;1216
2026-07-03;15;2026-07;Viernes;SAC;AG01201;60;56;2068;63;353;876
2026-07-03;15;2026-07;Viernes;PQRS;AG02201;60;54;4864;183;405;97
2026-07-03;15;2026-07;Viernes;Venta;AG03201;60;55;1723;48;94;1435
2026-07-03;16;2026-07;Viernes;SAC;AG01201;60;52;2499;146;342;133
2026-07-03;16;2026-07;Viernes;PQRS;AG02201;60;58;2664;151;324;341
2026-07-03;16;2026-07;Viernes;Venta;AG03201;60;53;788;0;28;2364
2026-07-03;17;2026-07;Viernes;SAC;AG01201;60;56;1892;166;379;923
2026-07-03;17;2026-07;Viernes;PQRS;AG02201;60;54;7245;395;589;97
2026-07-03;17;2026-07;Viernes;Venta;AG03201;60;54;394;0;21;2825
2026-07-03;18;2026-07;Viernes;SAC;AG01201;60;52;4079;347;639;94
2026-07-03;18;2026-07;Viernes;PQRS;AG02201;60;57;4732;200;594;103
2026-07-03;18;2026-07;Viernes;Venta;AG03201;60;54;437;65;23;2715
2026-07-03;19;2026-07;Viernes;SAC;AG01201;60;48;3470;86;497;86
2026-07-03;19;2026-07;Viernes;PQRS;AG02201;60;54;6340;78;518;97
2026-07-03;19;2026-07;Viernes;Venta;AG03201;60;57;341;0;44;3035
2026-07-03;20;2026-07;Viernes;SAC;AG01201;60;46;3692;83;555;83
2026-07-03;20;2026-07;Viernes;PQRS;AG02201;60;48;3111;172;376;86
2026-07-03;20;2026-07;Viernes;Venta;AG03201;60;55;257;27;17;2999
2026-07-03;21;2026-07;Viernes;SAC;AG01201;60;52;3283;291;618;94
2026-07-03;21;2026-07;Viernes;PQRS;AG02201;60;54;2900;218;324;97
2026-07-03;22;2026-07;Viernes;SAC;AG01201;60;52;1911;138;400;671
2026-07-03;22;2026-07;Viernes;PQRS;AG02201;60;55;1611;51;142;1496
2026-07-04;7;2026-07;Sábado;SAC;AG01101;60;58;410;58;90;2922
2026-07-04;7;2026-07;Sábado;PQRS;AG02101;60;56;1947;57;154;1202
2026-07-04;8;2026-07;Sábado;SAC;AG01101;60;56;1324;133;243;1660
2026-07-04;8;2026-07;Sábado;PQRS;AG02101;60;55;1913;191;183;1013
2026-07-04;9;2026-07;Sábado;SAC;AG01101;60;51;1100;64;167;1729
2026-07-04;9;2026-07;Sábado;PQRS;AG02101;60;57;2256;125;239;800
2026-07-04;9;2026-07;Sábado;Venta;AG03101;60;49;308;100;22;2510
2026-07-04;10;2026-07;Sábado;SAC;AG01101;60;57;1512;68;214;1626
2026-07-04;10;2026-07;Sábado;PQRS;AG02101;60;56;4451;219;308;101
2026-07-04;10;2026-07;Sábado;Venta;AG03101;60;56;1321;132;163;1744
2026-07-04;11;2026-07;Sábado;SAC;AG01101;60;56;1847;258;261;994
2026-07-04;11;2026-07;Sábado;PQRS;AG02101;60;57;4109;113;350;103
2026-07-04;11;2026-07;Sábado;Venta;AG03101;60;53;941;0;74;2165
2026-07-04;12;2026-07;Sábado;SAC;AG01101;60;57;3283;153;398;103
2026-07-04;12;2026-07;Sábado;PQRS;AG02101;60;58;5611;113;482;104
2026-07-04;12;2026-07;Sábado;Venta;AG03101;60;56;3628;243;233;101
2026-07-04;13;2026-07;Sábado;SAC;AG01101;60;56;3102;132;379;101
2026-07-04;13;2026-07;Sábado;PQRS;AG02101;60;55;3501;23;292;99
2026-07-04;13;2026-07;Sábado;Venta;AG03101;60;57;1583;25;152;1660
2026-07-04;14;2026-07;Sábado;SAC;AG01101;60;51;1781;76;312;891
2026-07-04;14;2026-07;Sábado;PQRS;AG02101;60;54;2218;162;310;550
2026-07-04;14;2026-07;Sábado;Venta;AG03101;60;53;1339;34;100;1707
2026-07-04;15;2026-07;Sábado;SAC;AG01201;60;56;2333;89;392;546
2026-07-04;15;2026-07;Sábado;PQRS;AG02201;60;50;1897;18;130;955
2026-07-04;15;2026-07;Sábado;Venta;AG03201;60;54;1444;47;79;1670
2026-07-04;16;2026-07;Sábado;SAC;AG01201;60;57;2176;8;207;1029
2026-07-04;16;2026-07;Sábado;PQRS;AG02201;60;55;2364;143;151;642
2026-07-04;16;2026-07;Sábado;Venta;AG03201;60;54;1895;114;157;1074
2026-07-04;17;2026-07;Sábado;SAC;AG01201;60;56;2597;103;494;166
2026-07-04;17;2026-07;Sábado;PQRS;AG02201;60;58;3199;71;291;104
2026-07-04;17;2026-07;Sábado;Venta;AG03201;60;53;0;0;0;3180
2026-07-04;18;2026-07;Sábado;SAC;AG01201;60;54;2758;222;484;97
2026-07-04;18;2026-07;Sábado;PQRS;AG02201;60;52;4002;144;361;94
2026-07-04;18;2026-07;Sábado;Venta;AG03201;60;56;0;0;0;3360
2026-07-04;19;2026-07;Sábado;SAC;AG01201;60;54;1082;19;208;1931
2026-07-04;19;2026-07;Sábado;PQRS;AG02201;60;57;2539;153;199;529
2026-07-04;19;2026-07;Sábado;Venta;AG03201;60;56;2152;0;105;1103
2026-07-04;20;2026-07;Sábado;SAC;AG01201;60;57;3043;232;458;103
2026-07-04;20;2026-07;Sábado;PQRS;AG02201;60;57;1229;82;140;1969
2026-07-04;20;2026-07;Sábado;Venta;AG03201;60;56;2631;41;261;427
2026-07-04;21;2026-07;Sábado;SAC;AG01201;60;56;1410;65;185;1700
2026-07-04;21;2026-07;Sábado;PQRS;AG02201;60;52;2323;191;179;427
2026-07-04;22;2026-07;Sábado;SAC;AG01201;60;56;2150;70;297;843
2026-07-04;22;2026-07;Sábado;PQRS;AG02201;60;56;2148;24;183;1005
2026-07-05;7;2026-07;Domingo;SAC;AG01101;60;58;526;0;90;2864
2026-07-05;7;2026-07;Domingo;PQRS;AG02101;60;53;1447;48;81;1604
2026-07-05;8;2026-07;Domingo;SAC;AG01101;60;54;622;0;168;2450
2026-07-05;8;2026-07;Domingo;PQRS;AG02101;60;58;1042;86;73;2279
2026-07-05;9;2026-07;Domingo;SAC;AG01101;60;54;1049;114;255;1822
2026-07-05;9;2026-07;Domingo;PQRS;AG02101;60;57;2600;97;224;499
2026-07-05;9;2026-07;Domingo;Venta;AG03101;60;54;0;0;0;3240
2026-07-05;10;2026-07;Domingo;SAC;AG01101;60;58;3144;366;437;104
2026-07-05;10;2026-07;Domingo;PQRS;AG02101;60;58;2334;64;143;939
2026-07-05;10;2026-07;Domingo;Venta;AG03101;60;57;371;0;41;3008
2026-07-05;11;2026-07;Domingo;SAC;AG01101;60;54;4235;663;722;97
2026-07-05;11;2026-07;Domingo;PQRS;AG02101;60;53;1125;23;104;1928
2026-07-05;11;2026-07;Domingo;Venta;AG03101;60;54;2104;78;223;835
2026-07-05;12;2026-07;Domingo;SAC;AG01101;60;54;1851;466;383;540
2026-07-05;12;2026-07;Domingo;PQRS;AG02101;60;58;3817;159;391;104
2026-07-05;12;2026-07;Domingo;Venta;AG03101;60;56;612;0;42;2706
2026-07-05;13;2026-07;Domingo;SAC;AG01101;60;58;1389;128;285;1678
2026-07-05;13;2026-07;Domingo;PQRS;AG02101;60;57;3264;90;316;103
2026-07-05;13;2026-07;Domingo;Venta;AG03101;60;53;0;0;0;3180
2026-07-05;14;2026-07;Domingo;SAC;AG01101;60;55;1350;107;232;1611
2026-07-05;14;2026-07;Domingo;PQRS;AG02101;60;55;3061;285;279;99
2026-07-05;14;2026-07;Domingo;Venta;AG03101;60;57;687;0;62;2671
2026-07-05;15;2026-07;Domingo;SAC;AG01201;60;56;1319;39;247;1755
2026-07-05;15;2026-07;Domingo;PQRS;AG02201;60;56;2186;95;215;864
2026-07-05;15;2026-07;Domingo;Venta;AG03201;60;50;731;0;37;2232
2026-07-05;16;2026-07;Domingo;SAC;AG01201;60;51;819;61;129;2051
2026-07-05;16;2026-07;Domingo;PQRS;AG02201;60;57;3077;44;253;103
2026-07-05;16;2026-07;Domingo;Venta;AG03201;60;51;0;0;0;3060
2026-07-05;17;2026-07;Domingo;SAC;AG01201;60;55;3657;431;625;99
2026-07-05;17;2026-07;Domingo;PQRS;AG02201;60;59;2975;130;279;156
2026-07-05;17;2026-07;Domingo;Venta;AG03201;60;56;266;0;34;3060
2026-07-05;18;2026-07;Domingo;SAC;AG01201;60;49;1615;137;141;1047
2026-07-05;18;2026-07;Domingo;PQRS;AG02201;60;55;1122;0;65;2113
2026-07-05;18;2026-07;Domingo;Venta;AG03201;60;56;0;0;0;3360
2026-07-05;19;2026-07;Domingo;SAC;AG01201;60;54;1038;48;167;1987
2026-07-05;19;2026-07;Domingo;PQRS;AG02201;60;55;1258;24;102;1916
2026-07-05;19;2026-07;Domingo;Venta;AG03201;60;55;938;30;90;2242
2026-07-05;20;2026-07;Domingo;SAC;AG01201;60;55;1816;74;303;1107
2026-07-05;20;2026-07;Domingo;PQRS;AG02201;60;53;1908;98;170;1004
2026-07-05;20;2026-07;Domingo;Venta;AG03201;60;53;0;0;0;3180
2026-07-05;21;2026-07;Domingo;SAC;AG01201;60;57;547;0;127;2746
2026-07-05;21;2026-07;Domingo;PQRS;AG02201;60;55;2224;269;228;579
2026-07-05;22;2026-07;Domingo;SAC;AG01201;60;55;2150;38;226;886
2026-07-05;22;2026-07;Domingo;PQRS;AG02201;60;55;1476;61;127;1636
2026-07-06;7;2026-07;Lunes;SAC;AG01101;60;55;1183;88;114;1915
2026-07-06;7;2026-07;Lunes;PQRS;AG02101;60;54;2809;232;305;97
2026-07-06;8;2026-07;Lunes;SAC;AG01101;60;53;3557;95;410;95
2026-07-06;8;2026-07;Lunes;PQRS;AG02101;60;56;1150;60;134;2016
2026-07-06;9;2026-07;Lunes;SAC;AG01101;60;54;4257;127;593;97
2026-07-06;9;2026-07;Lunes;PQRS;AG02101;60;54;4016;329;333;97
2026-07-06;9;2026-07;Lunes;Venta;AG03101;60;55;554;64;90;2592
2026-07-06;10;2026-07;Lunes;SAC;AG01101;60;58;4374;455;578;104
2026-07-06;10;2026-07;Lunes;PQRS;AG02101;60;57;2021;120;215;1064
2026-07-06;10;2026-07;Lunes;PQRS;AG02102;60;56;3253;166;363;101
2026-07-06;10;2026-07;Lunes;Venta;AG03101;60;56;898;56;115;2291
2026-07-06;11;2026-07;Lunes;SAC;AG01101;60;52;4015;388;841;94
2026-07-06;11;2026-07;Lunes;PQRS;AG02101;60;55;887;28;94;2291
2026-07-06;11;2026-07;Lunes;PQRS;AG02102;60;56;1415;62;143;1740
2026-07-06;11;2026-07;Lunes;Venta;AG03101;60;57;1512;14;125;1769
2026-07-06;12;2026-07;Lunes;SAC;AG01101;60;55;5272;196;602;99
2026-07-06;12;2026-07;Lunes;PQRS;AG02101;60;57;738;24;108;2550
2026-07-06;12;2026-07;Lunes;PQRS;AG02102;60;51;2200;58;218;584
2026-07-06;12;2026-07;Lunes;Venta;AG03101;60;47;0;0;0;2820
2026-07-06;13;2026-07;Lunes;SAC;AG01101;60;58;5743;388;904;104
2026-07-06;13;2026-07;Lunes;PQRS;AG02101;60;54;1713;105;173;1249
2026-07-06;13;2026-07;Lunes;PQRS;AG02102;60;52;2436;62;210;412
2026-07-06;13;2026-07;Lunes;Venta;AG03101;60;54;1454;230;154;1402
2026-07-06;14;2026-07;Lunes;SAC;AG01101;60;42;2123;398;307;76
2026-07-06;14;2026-07;Lunes;PQRS;AG02101;60;55;4465;259;468;99
2026-07-06;14;2026-07;Lunes;Venta;AG03101;60;55;654;0;44;2602
2026-07-06;15;2026-07;Lunes;SAC;AG01201;60;56;2496;355;355;154
2026-07-06;15;2026-07;Lunes;PQRS;AG02201;60;56;5847;408;473;101
2026-07-06;15;2026-07;Lunes;Venta;AG03201;60;53;531;0;25;2624
2026-07-06;16;2026-07;Lunes;SAC;AG01201;60;52;2284;198;468;170
2026-07-06;16;2026-07;Lunes;PQRS;AG02201;60;58;3248;204;283;104
2026-07-06;16;2026-07;Lunes;Venta;AG03201;60;56;940;0;48;2372
2026-07-06;17;2026-07;Lunes;SAC;AG01201;60;54;3237;404;506;97
2026-07-06;17;2026-07;Lunes;PQRS;AG02201;60;57;8615;383;587;103
2026-07-06;17;2026-07;Lunes;Venta;AG03201;60;54;1393;129;93;1625
2026-07-06;18;2026-07;Lunes;SAC;AG01201;60;52;3678;274;671;94
2026-07-06;18;2026-07;Lunes;PQRS;AG02201;60;57;1675;0;131;1614
2026-07-06;18;2026-07;Lunes;PQRS;AG02202;60;48;1481;63;214;1122
2026-07-06;18;2026-07;Lunes;Venta;AG03201;60;54;1137;0;113;1990
2026-07-06;19;2026-07;Lunes;SAC;AG01201;60;58;4353;431;611;104
2026-07-06;19;2026-07;Lunes;PQRS;AG02201;60;50;3577;31;245;90
2026-07-06;19;2026-07;Lunes;PQRS;AG02202;60;58;1199;43;189;2049
2026-07-06;19;2026-07;Lunes;Venta;AG03201;60;52;1615;97;136;1272
2026-07-06;20;2026-07;Lunes;SAC;AG01201;60;56;3367;295;438;101
2026-07-06;20;2026-07;Lunes;PQRS;AG02201;60;55;3957;195;409;99
2026-07-06;20;2026-07;Lunes;Venta;AG03201;60;55;549;0;30;2721
2026-07-06;21;2026-07;Lunes;SAC;AG01201;60;55;3110;150;360;99
2026-07-06;21;2026-07;Lunes;PQRS;AG02201;60;57;3097;74;272;103
2026-07-06;22;2026-07;Lunes;SAC;AG01201;60;54;987;0;212;2041
2026-07-06;22;2026-07;Lunes;PQRS;AG02201;60;46;1597;65;129;969
2026-07-07;7;2026-07;Martes;SAC;AG01101;60;53;594;0;78;2508
2026-07-07;7;2026-07;Martes;PQRS;AG02101;60;56;1142;73;72;2073
2026-07-07;8;2026-07;Martes;SAC;AG01101;60;56;4496;238;506;101
2026-07-07;8;2026-07;Martes;PQRS;AG02101;60;58;1959;41;164;1316
2026-07-07;9;2026-07;Martes;SAC;AG01101;60;55;2306;319;337;338
2026-07-07;9;2026-07;Martes;PQRS;AG02101;60;58;1805;86;206;1383
2026-07-07;9;2026-07;Martes;Venta;AG03101;60;56;787;38;71;2464
2026-07-07;10;2026-07;Martes;SAC;AG01101;60;53;3947;207;622;95
2026-07-07;10;2026-07;Martes;PQRS;AG02101;60;54;2690;175;274;101
2026-07-07;10;2026-07;Martes;Venta;AG03101;60;56;1339;103;80;1838
2026-07-07;11;2026-07;Martes;SAC;AG01101;60;50;2214;332;323;131
2026-07-07;11;2026-07;Martes;PQRS;AG02101;60;57;2023;72;227;1098
2026-07-07;11;2026-07;Martes;PQRS;AG02102;60;54;2452;74;236;478
2026-07-07;11;2026-07;Martes;Venta;AG03101;60;51;2375;10;159;516
2026-07-07;12;2026-07;Martes;SAC;AG01101;60;56;3591;356;611;101
2026-07-07;12;2026-07;Martes;PQRS;AG02101;60;54;1886;0;201;1153
2026-07-07;12;2026-07;Martes;PQRS;AG02102;60;54;1633;19;138;1450
2026-07-07;12;2026-07;Martes;Venta;AG03101;60;55;0;0;0;3300
2026-07-07;13;2026-07;Martes;SAC;AG01101;60;50;5245;260;754;90
2026-07-07;13;2026-07;Martes;PQRS;AG02101;60;54;2873;184;261;97
2026-07-07;13;2026-07;Martes;Venta;AG03101;60;56;1405;0;90;1865
2026-07-07;14;2026-07;Martes;SAC;AG01101;60;54;1868;259;223;890
2026-07-07;14;2026-07;Martes;PQRS;AG02101;60;57;5329;249;427;103
2026-07-07;14;2026-07;Martes;Venta;AG03101;60;59;1468;0;131;1941
2026-07-07;15;2026-07;Martes;SAC;AG01201;60;58;2638;316;440;104
2026-07-07;15;2026-07;Martes;PQRS;AG02201;60;55;4201;191;404;99
2026-07-07;15;2026-07;Martes;Venta;AG03201;60;56;711;75;59;2515
2026-07-07;16;2026-07;Martes;SAC;AG01201;60;58;3768;173;404;104
2026-07-07;16;2026-07;Martes;PQRS;AG02201;60;54;1266;75;111;1788
2026-07-07;16;2026-07;Martes;Venta;AG03201;60;50;359;25;32;2584
2026-07-07;17;2026-07;Martes;SAC;AG01201;60;57;1720;183;438;1079
2026-07-07;17;2026-07;Martes;PQRS;AG02201;60;55;2964;134;232;99
2026-07-07;17;2026-07;Martes;Venta;AG03201;60;56;1329;72;28;1931
2026-07-07;18;2026-07;Martes;SAC;AG01201;60;58;4711;270;678;104
2026-07-07;18;2026-07;Martes;PQRS;AG02201;60;56;6027;429;443;101
2026-07-07;18;2026-07;Martes;Venta;AG03201;60;57;1489;16;54;1861
2026-07-07;19;2026-07;Martes;SAC;AG01201;60;54;4247;396;740;97
2026-07-07;19;2026-07;Martes;PQRS;AG02201;60;54;2885;297;277;97
2026-07-07;19;2026-07;Martes;Venta;AG03201;60;55;454;0;53;2793
2026-07-07;20;2026-07;Martes;SAC;AG01201;60;55;911;248;183;1958
2026-07-07;20;2026-07;Martes;PQRS;AG02201;60;54;6267;59;464;97
2026-07-07;20;2026-07;Martes;Venta;AG03201;60;52;1343;155;113;1509
2026-07-07;21;2026-07;Martes;SAC;AG01201;60;57;1699;83;201;1437
2026-07-07;21;2026-07;Martes;PQRS;AG02201;60;56;4151;259;273;101
2026-07-07;22;2026-07;Martes;SAC;AG01201;60;59;1662;111;173;1594
2026-07-07;22;2026-07;Martes;PQRS;AG02201;60;55;438;80;55;2727
2026-07-08;7;2026-07;Miércoles;SAC;AG01101;60;55;1103;72;231;1894
2026-07-08;7;2026-07;Miércoles;PQRS;AG02101;60;56;734;0;71;2555
2026-07-08;8;2026-07;Miércoles;SAC;AG01101;60;54;2433;170;309;328
2026-07-08;8;2026-07;Miércoles;PQRS;AG02101;60;55;620;0;64;2616
2026-07-08;9;2026-07;Miércoles;SAC;AG01101;60;55;2199;271;384;446
2026-07-08;9;2026-07;Miércoles;PQRS;AG02101;60;57;2690;127;314;289
2026-07-08;9;2026-07;Miércoles;Venta;AG03101;60;51;1340;45;111;1564
2026-07-08;10;2026-07;Miércoles;SAC;AG01101;60;50;4099;313;746;90
2026-07-08;10;2026-07;Miércoles;PQRS;AG02101;60;55;6436;264;528;99
2026-07-08;10;2026-07;Miércoles;Venta;AG03101;60;52;1772;50;184;1114
2026-07-08;11;2026-07;Miércoles;SAC;AG01101;60;57;2225;209;338;648
2026-07-08;11;2026-07;Miércoles;PQRS;AG02101;60;54;2158;66;187;829
2026-07-08;11;2026-07;Miércoles;PQRS;AG02102;60;57;1259;75;174;1912
2026-07-08;11;2026-07;Miércoles;Venta;AG03101;60;55;1400;0;110;1790
2026-07-08;12;2026-07;Miércoles;SAC;AG01101;60;45;3610;387;542;81
2026-07-08;12;2026-07;Miércoles;PQRS;AG02101;60;52;3490;23;351;94
2026-07-08;12;2026-07;Miércoles;PQRS;AG02102;60;55;1789;22;144;1345
2026-07-08;12;2026-07;Miércoles;Venta;AG03101;60;51;1468;0;69;1523
2026-07-08;13;2026-07;Miércoles;SAC;AG01101;60;51;3072;215;532;92
2026-07-08;13;2026-07;Miércoles;PQRS;AG02101;60;52;6949;343;490;94
2026-07-08;13;2026-07;Miércoles;Venta;AG03101;60;54;954;56;113;2117
2026-07-08;14;2026-07;Miércoles;SAC;AG01101;60;58;3507;162;488;104
2026-07-08;14;2026-07;Miércoles;PQRS;AG02101;60;55;3547;131;316;99
2026-07-08;14;2026-07;Miércoles;Venta;AG03101;60;56;1418;0;82;1860
2026-07-08;15;2026-07;Miércoles;SAC;AG01201;60;55;2026;210;372;692
2026-07-08;15;2026-07;Miércoles;PQRS;AG02201;60;52;3174;0;285;94
2026-07-08;15;2026-07;Miércoles;Venta;AG03201;60;54;278;0;88;2874
2026-07-08;16;2026-07;Miércoles;SAC;AG01201;60;53;1799;98;323;960
2026-07-08;16;2026-07;Miércoles;PQRS;AG02201;60;57;3623;152;314;103
2026-07-08;16;2026-07;Miércoles;Venta;AG03201;60;57;401;93;37;2889
2026-07-08;17;2026-07;Miércoles;SAC;AG01201;60;51;1470;37;224;1329
2026-07-08;17;2026-07;Miércoles;PQRS;AG02201;60;53;6300;142;580;95
2026-07-08;17;2026-07;Miércoles;Venta;AG03201;60;57;768;63;68;2521
2026-07-08;18;2026-07;Miércoles;SAC;AG01201;60;51;2424;190;451;92
2026-07-08;18;2026-07;Miércoles;PQRS;AG02201;60;55;6141;476;432;99
2026-07-08;18;2026-07;Miércoles;Venta;AG03201;60;55;1674;0;74;1552
2026-07-08;19;2026-07;Miércoles;SAC;AG01201;60;57;3203;217;662;103
2026-07-08;19;2026-07;Miércoles;PQRS;AG02201;60;57;4395;613;498;103
2026-07-08;19;2026-07;Miércoles;Venta;AG03201;60;55;1466;0;70;1764
2026-07-08;20;2026-07;Miércoles;SAC;AG01201;60;56;1689;109;252;1310
2026-07-08;20;2026-07;Miércoles;PQRS;AG02201;60;56;4927;99;438;101
2026-07-08;20;2026-07;Miércoles;Venta;AG03201;60;58;133;0;36;3311
2026-07-08;21;2026-07;Miércoles;SAC;AG01201;60;57;1109;135;199;1977
2026-07-08;21;2026-07;Miércoles;PQRS;AG02201;60;53;1629;90;121;1340
2026-07-08;22;2026-07;Miércoles;SAC;AG01201;60;55;880;93;196;2131
2026-07-08;22;2026-07;Miércoles;PQRS;AG02201;60;54;816;67;92;2265
2026-07-09;7;2026-07;Jueves;SAC;AG01101;60;53;1873;56;270;981
2026-07-09;7;2026-07;Jueves;PQRS;AG02101;60;55;838;68;52;2342
2026-07-09;8;2026-07;Jueves;SAC;AG01101;60;55;3155;236;317;99
2026-07-09;8;2026-07;Jueves;PQRS;AG02101;60;54;2015;159;242;824
2026-07-09;9;2026-07;Jueves;SAC;AG01101;60;53;2310;116;416;338
2026-07-09;9;2026-07;Jueves;PQRS;AG02101;60;58;2194;48;122;1116
2026-07-09;9;2026-07;Jueves;Venta;AG03101;60;56;881;0;59;2420
2026-07-09;10;2026-07;Jueves;SAC;AG01101;60;46;2496;213;347;83
2026-07-09;10;2026-07;Jueves;PQRS;AG02101;60;53;3262;100;279;95
2026-07-09;10;2026-07;Jueves;Venta;AG03101;60;53;1048;0;62;2070
2026-07-09;11;2026-07;Jueves;SAC;AG01101;60;58;4174;480;600;104
2026-07-09;11;2026-07;Jueves;PQRS;AG02101;60;57;3182;260;272;103
2026-07-09;11;2026-07;Jueves;PQRS;AG02102;60;56;1512;138;164;1546
2026-07-09;11;2026-07;Jueves;Venta;AG03101;60;58;1151;39;64;2226
2026-07-09;12;2026-07;Jueves;SAC;AG01101;60;56;4423;187;559;101
2026-07-09;12;2026-07;Jueves;PQRS;AG02101;60;54;3997;234;354;97
2026-07-09;12;2026-07;Jueves;PQRS;AG02102;60;52;121;0;34;2965
2026-07-09;12;2026-07;Jueves;Venta;AG03101;60;57;78;5;33;3304
2026-07-09;13;2026-07;Jueves;SAC;AG01101;60;50;3888;589;769;90
2026-07-09;13;2026-07;Jueves;PQRS;AG02101;60;58;5598;81;503;104
2026-07-09;13;2026-07;Jueves;Venta;AG03101;60;49;288;0;26;2626
2026-07-09;14;2026-07;Jueves;SAC;AG01101;60;59;2418;164;461;497
2026-07-09;14;2026-07;Jueves;PQRS;AG02101;60;53;5580;160;336;95
2026-07-09;14;2026-07;Jueves;Venta;AG03101;60;55;791;0;87;2422
2026-07-09;15;2026-07;Jueves;SAC;AG01201;60;52;2134;172;413;401
2026-07-09;15;2026-07;Jueves;PQRS;AG02201;60;56;4626;110;352;101
2026-07-09;15;2026-07;Jueves;Venta;AG03201;60;56;999;0;61;2300
2026-07-09;16;2026-07;Jueves;SAC;AG01201;60;57;1719;48;227;1426
2026-07-09;16;2026-07;Jueves;PQRS;AG02201;60;55;2970;167;266;99
2026-07-09;16;2026-07;Jueves;Venta;AG03201;60;56;1357;74;113;1816
2026-07-09;17;2026-07;Jueves;SAC;AG01201;60;50;3020;343;601;90
2026-07-09;17;2026-07;Jueves;PQRS;AG02201;60;58;2266;132;238;844
2026-07-09;17;2026-07;Jueves;Venta;AG03201;60;50;2749;159;198;90
2026-07-09;18;2026-07;Jueves;SAC;AG01201;60;57;2627;108;471;214
2026-07-09;18;2026-07;Jueves;PQRS;AG02201;60;53;2726;101;301;95
2026-07-09;18;2026-07;Jueves;Venta;AG03201;60;52;1186;21;53;1860
2026-07-09;19;2026-07;Jueves;SAC;AG01201;60;54;4593;300;634;97
2026-07-09;19;2026-07;Jueves;PQRS;AG02201;60;56;3389;55;291;101
2026-07-09;19;2026-07;Jueves;Venta;AG03201;60;53;907;79;120;2074
2026-07-09;20;2026-07;Jueves;SAC;AG01201;60;54;3194;117;459;97
2026-07-09;20;2026-07;Jueves;PQRS;AG02201;60;59;5536;156;540;106
2026-07-09;20;2026-07;Jueves;Venta;AG03201;60;47;2031;117;132;540
2026-07-09;21;2026-07;Jueves;SAC;AG01201;60;57;3533;205;516;103
2026-07-09;21;2026-07;Jueves;PQRS;AG02201;60;55;3571;61;329;99
2026-07-09;22;2026-07;Jueves;SAC;AG01201;60;58;1002;0;228;2250
2026-07-09;22;2026-07;Jueves;PQRS;AG02201;60;55;1217;49;134;1900
2026-07-10;7;2026-07;Viernes;SAC;AG01101;60;53;1246;156;247;1531
2026-07-10;7;2026-07;Viernes;PQRS;AG02101;60;55;737;76;82;2405
2026-07-10;8;2026-07;Viernes;SAC;AG01101;60;54;3102;327;455;97
2026-07-10;8;2026-07;Viernes;PQRS;AG02101;60;52;2068;152;72;828
2026-07-10;9;2026-07;Viernes;SAC;AG01101;60;55;1800;190;329;981
2026-07-10;9;2026-07;Viernes;PQRS;AG02101;60;55;5092;206;419;99
2026-07-10;9;2026-07;Viernes;Venta;AG03101;60;57;1302;0;157;1961
2026-07-10;10;2026-07;Viernes;SAC;AG01101;60;55;2615;304;400;99
2026-07-10;10;2026-07;Viernes;PQRS;AG02101;60;44;4165;281;574;79
2026-07-10;10;2026-07;Viernes;Venta;AG03101;60;56;2864;42;194;260
2026-07-10;11;2026-07;Viernes;SAC;AG01101;60;51;3307;464;650;92
2026-07-10;11;2026-07;Viernes;PQRS;AG02101;60;54;1673;70;175;1322
2026-07-10;11;2026-07;Viernes;PQRS;AG02102;60;57;1073;29;129;2189
2026-07-10;11;2026-07;Viernes;Venta;AG03101;60;55;549;0;55;2696
2026-07-10;12;2026-07;Viernes;SAC;AG01101;60;56;4553;356;815;101
2026-07-10;12;2026-07;Viernes;PQRS;AG02101;60;53;3061;38;245;95
2026-07-10;12;2026-07;Viernes;PQRS;AG02102;60;52;1462;267;218;1173
2026-07-10;12;2026-07;Viernes;Venta;AG03101;60;50;1111;21;52;1816
2026-07-10;13;2026-07;Viernes;SAC;AG01101;60;56;3494;147;547;101
2026-07-10;13;2026-07;Viernes;PQRS;AG02101;60;49;4688;108;498;88
2026-07-10;13;2026-07;Viernes;Venta;AG03101;60;57;2442;55;177;746
2026-07-10;14;2026-07;Viernes;SAC;AG01101;60;57;2013;109;366;932
2026-07-10;14;2026-07;Viernes;PQRS;AG02101;60;46;5947;139;493;83
2026-07-10;14;2026-07;Viernes;Venta;AG03101;60;57;644;66;61;2649
2026-07-10;15;2026-07;Viernes;SAC;AG01201;60;56;3181;152;431;101
2026-07-10;15;2026-07;Viernes;PQRS;AG02201;60;58;3684;292;329;104
2026-07-10;15;2026-07;Viernes;Venta;AG03201;60;55;1544;23;50;1683
2026-07-10;16;2026-07;Viernes;SAC;AG01201;60;58;1188;86;251;1955
2026-07-10;16;2026-07;Viernes;PQRS;AG02201;60;54;2692;158;301;97
2026-07-10;16;2026-07;Viernes;Venta;AG03201;60;58;1571;103;80;1726
2026-07-10;17;2026-07;Viernes;SAC;AG01201;60;55;2183;158;478;481
2026-07-10;17;2026-07;Viernes;PQRS;AG02201;60;56;6325;294;638;101
2026-07-10;17;2026-07;Viernes;Venta;AG03201;60;55;1447;0;75;1778
2026-07-10;18;2026-07;Viernes;SAC;AG01201;60;55;2691;374;544;99
2026-07-10;18;2026-07;Viernes;PQRS;AG02201;60;49;4435;190;478;88
2026-07-10;18;2026-07;Viernes;Venta;AG03201;60;56;745;57;106;2452
2026-07-10;19;2026-07;Viernes;SAC;AG01201;60;57;3446;149;659;103
2026-07-10;19;2026-07;Viernes;PQRS;AG02201;60;55;4876;216;547;99
2026-07-10;19;2026-07;Viernes;Venta;AG03201;60;55;290;56;38;2916
2026-07-10;20;2026-07;Viernes;SAC;AG01201;60;50;3167;360;552;90
2026-07-10;20;2026-07;Viernes;PQRS;AG02201;60;54;3542;186;286;97
2026-07-10;20;2026-07;Viernes;Venta;AG03201;60;55;877;0;80;2343
2026-07-10;21;2026-07;Viernes;SAC;AG01201;60;55;4006;293;485;99
2026-07-10;21;2026-07;Viernes;PQRS;AG02201;60;57;1814;49;232;1325
2026-07-10;22;2026-07;Viernes;SAC;AG01201;60;56;2384;136;352;488
2026-07-10;22;2026-07;Viernes;PQRS;AG02201;60;59;846;165;103;2426
2026-07-11;7;2026-07;Sábado;SAC;AG01101;60;54;383;52;53;2752
2026-07-11;7;2026-07;Sábado;PQRS;AG02101;60;53;591;0;66;2523
2026-07-11;8;2026-07;Sábado;SAC;AG01101;60;58;1987;87;309;1097
2026-07-11;8;2026-07;Sábado;PQRS;AG02101;60;57;1923;18;263;1216
2026-07-11;9;2026-07;Sábado;SAC;AG01101;60;53;2117;172;368;523
2026-07-11;9;2026-07;Sábado;PQRS;AG02101;60;56;1899;100;178;1183
2026-07-11;9;2026-07;Sábado;Venta;AG03101;60;52;217;0;41;2862
2026-07-11;10;2026-07;Sábado;SAC;AG01101;60;55;3465;149;544;99
2026-07-11;10;2026-07;Sábado;PQRS;AG02101;60;53;2256;171;278;475
2026-07-11;10;2026-07;Sábado;Venta;AG03101;60;58;1560;118;96;1706
2026-07-11;11;2026-07;Sábado;SAC;AG01101;60;57;4015;80;402;103
2026-07-11;11;2026-07;Sábado;PQRS;AG02101;60;54;3634;209;311;97
2026-07-11;11;2026-07;Sábado;Venta;AG03101;60;55;1010;20;15;2255
2026-07-11;12;2026-07;Sábado;SAC;AG01101;60;54;2195;261;416;368
2026-07-11;12;2026-07;Sábado;PQRS;AG02101;60;53;3069;135;334;95
2026-07-11;12;2026-07;Sábado;Venta;AG03101;60;55;1462;32;135;1671
2026-07-11;13;2026-07;Sábado;SAC;AG01101;60;55;2166;304;428;402
2026-07-11;13;2026-07;Sábado;PQRS;AG02101;60;52;4657;233;506;94
2026-07-11;13;2026-07;Sábado;Venta;AG03101;60;55;536;88;37;2639
2026-07-11;14;2026-07;Sábado;SAC;AG01101;60;53;2362;380;385;95
2026-07-11;14;2026-07;Sábado;PQRS;AG02101;60;55;2187;192;238;683
2026-07-11;14;2026-07;Sábado;Venta;AG03101;60;52;423;45;34;2618
2026-07-11;15;2026-07;Sábado;SAC;AG01201;60;55;1392;17;244;1647
2026-07-11;15;2026-07;Sábado;PQRS;AG02201;60;56;2053;244;272;791
2026-07-11;15;2026-07;Sábado;Venta;AG03201;60;56;1274;11;80;1995
2026-07-11;16;2026-07;Sábado;SAC;AG01201;60;58;1616;67;302;1495
2026-07-11;16;2026-07;Sábado;PQRS;AG02201;60;54;4643;272;422;97
2026-07-11;16;2026-07;Sábado;Venta;AG03201;60;55;215;9;32;3044
2026-07-11;17;2026-07;Sábado;SAC;AG01201;60;52;3209;279;574;94
2026-07-11;17;2026-07;Sábado;PQRS;AG02201;60;57;2352;37;168;863
2026-07-11;17;2026-07;Sábado;Venta;AG03201;60;53;707;73;51;2349
2026-07-11;18;2026-07;Sábado;SAC;AG01201;60;56;2143;120;412;685
2026-07-11;18;2026-07;Sábado;PQRS;AG02201;60;57;5429;241;491;103
2026-07-11;18;2026-07;Sábado;Venta;AG03201;60;54;426;54;47;2713
2026-07-11;19;2026-07;Sábado;SAC;AG01201;60;57;1990;93;315;1022
2026-07-11;19;2026-07;Sábado;PQRS;AG02201;60;55;3151;80;329;99
2026-07-11;19;2026-07;Sábado;Venta;AG03201;60;48;0;0;0;2880
2026-07-11;20;2026-07;Sábado;SAC;AG01201;60;54;1920;231;317;772
2026-07-11;20;2026-07;Sábado;PQRS;AG02201;60;58;2723;65;243;449
2026-07-11;20;2026-07;Sábado;Venta;AG03201;60;49;1960;9;116;855
2026-07-11;21;2026-07;Sábado;SAC;AG01201;60;53;2080;82;336;682
2026-07-11;21;2026-07;Sábado;PQRS;AG02201;60;56;1708;78;189;1385
2026-07-11;22;2026-07;Sábado;SAC;AG01201;60;55;745;33;173;2349
2026-07-11;22;2026-07;Sábado;PQRS;AG02201;60;53;731;0;95;2354
2026-07-12;7;2026-07;Domingo;SAC;AG01101;60;58;437;0;43;3000
2026-07-12;7;2026-07;Domingo;PQRS;AG02101;60;54;681;0;37;2522
2026-07-12;8;2026-07;Domingo;SAC;AG01101;60;55;746;117;163;2274
2026-07-12;8;2026-07;Domingo;PQRS;AG02101;60;56;1318;40;110;1892
2026-07-12;9;2026-07;Domingo;SAC;AG01101;60;56;1941;162;330;927
2026-07-12;9;2026-07;Domingo;PQRS;AG02101;60;50;661;34;56;2249
2026-07-12;9;2026-07;Domingo;Venta;AG03101;60;53;0;0;0;3180
2026-07-12;10;2026-07;Domingo;SAC;AG01101;60;56;1296;42;196;1826
2026-07-12;10;2026-07;Domingo;PQRS;AG02101;60;59;2597;199;173;571
2026-07-12;10;2026-07;Domingo;Venta;AG03101;60;50;240;0;41;2719
2026-07-12;11;2026-07;Domingo;SAC;AG01101;60;52;3004;130;478;94
2026-07-12;11;2026-07;Domingo;PQRS;AG02101;60;57;3342;148;407;103
2026-07-12;11;2026-07;Domingo;Venta;AG03101;60;58;1519;59;88;1814
2026-07-12;12;2026-07;Domingo;SAC;AG01101;60;55;2633;145;317;205
2026-07-12;12;2026-07;Domingo;PQRS;AG02101;60;57;4002;61;310;103
2026-07-12;12;2026-07;Domingo;Venta;AG03101;60;56;482;0;44;2834
2026-07-12;13;2026-07;Domingo;SAC;AG01101;60;54;1048;56;158;1978
2026-07-12;13;2026-07;Domingo;PQRS;AG02101;60;57;2352;155;270;643
2026-07-12;13;2026-07;Domingo;Venta;AG03101;60;56;899;0;16;2445
2026-07-12;14;2026-07;Domingo;SAC;AG01101;60;58;915;129;199;2237
2026-07-12;14;2026-07;Domingo;PQRS;AG02101;60;53;2424;92;183;481
2026-07-12;14;2026-07;Domingo;Venta;AG03101;60;51;414;20;17;2609
2026-07-12;15;2026-07;Domingo;SAC;AG01201;60;55;606;86;97;2511
2026-07-12;15;2026-07;Domingo;PQRS;AG02201;60;52;1061;98;159;1802
2026-07-12;15;2026-07;Domingo;Venta;AG03201;60;54;1990;74;114;1062
2026-07-12;16;2026-07;Domingo;SAC;AG01201;60;57;488;0;121;2811
2026-07-12;16;2026-07;Domingo;PQRS;AG02201;60;56;711;9;70;2570
2026-07-12;16;2026-07;Domingo;Venta;AG03201;60;55;1934;27;97;1242
2026-07-12;17;2026-07;Domingo;SAC;AG01201;60;55;1605;138;299;1258
2026-07-12;17;2026-07;Domingo;PQRS;AG02201;60;52;1243;74;166;1637
2026-07-12;17;2026-07;Domingo;Venta;AG03201;60;59;460;0;25;3055
2026-07-12;18;2026-07;Domingo;SAC;AG01201;60;58;1580;69;214;1617
2026-07-12;18;2026-07;Domingo;PQRS;AG02201;60;57;2895;163;336;103
2026-07-12;18;2026-07;Domingo;Venta;AG03201;60;55;139;0;22;3139
2026-07-12;19;2026-07;Domingo;SAC;AG01201;60;58;1481;116;232;1651
2026-07-12;19;2026-07;Domingo;PQRS;AG02201;60;56;2444;245;259;412
2026-07-12;19;2026-07;Domingo;Venta;AG03201;60;57;808;45;68;2499
2026-07-12;20;2026-07;Domingo;SAC;AG01201;60;53;1903;16;262;999
2026-07-12;20;2026-07;Domingo;PQRS;AG02201;60;54;820;0;73;2347
2026-07-12;20;2026-07;Domingo;Venta;AG03201;60;49;0;0;0;2940
2026-07-12;21;2026-07;Domingo;SAC;AG01201;60;54;1697;58;265;1220
2026-07-12;21;2026-07;Domingo;PQRS;AG02201;60;55;2846;65;152;237
2026-07-12;22;2026-07;Domingo;SAC;AG01201;60;55;615;9;95;2581
2026-07-12;22;2026-07;Domingo;PQRS;AG02201;60;58;255;18;38;3169
2026-07-13;7;2026-07;Lunes;SAC;AG01101;60;52;974;0;255;1891
2026-07-13;7;2026-07;Lunes;PQRS;AG02101;60;58;405;0;14;3061
2026-07-13;8;2026-07;Lunes;SAC;AG01101;60;57;2983;159;365;103
2026-07-13;8;2026-07;Lunes;PQRS;AG02101;60;58;2139;20;183;1138
2026-07-13;9;2026-07;Lunes;SAC;AG01101;60;55;2400;190;435;275
2026-07-13;9;2026-07;Lunes;PQRS;AG02101;60;53;3682;166;339;95
2026-07-13;9;2026-07;Lunes;Venta;AG03101;60;52;1471;52;179;1418
2026-07-13;10;2026-07;Lunes;SAC;AG01101;60;51;3127;252;549;92
2026-07-13;10;2026-07;Lunes;PQRS;AG02101;60;57;1397;42;213;1768
2026-07-13;10;2026-07;Lunes;PQRS;AG02102;60;56;2140;39;290;891
2026-07-13;10;2026-07;Lunes;Venta;AG03101;60;53;1474;88;83;1535
2026-07-13;11;2026-07;Lunes;SAC;AG01101;60;55;5882;325;940;99
2026-07-13;11;2026-07;Lunes;PQRS;AG02101;60;57;2386;50;183;801
2026-07-13;11;2026-07;Lunes;PQRS;AG02102;60;55;2284;103;228;685
2026-07-13;11;2026-07;Lunes;Venta;AG03101;60;55;725;103;98;2374
2026-07-13;12;2026-07;Lunes;SAC;AG01101;60;54;3648;141;611;97
2026-07-13;12;2026-07;Lunes;PQRS;AG02101;60;57;3510;20;171;103
2026-07-13;12;2026-07;Lunes;PQRS;AG02102;60;57;1720;31;145;1524
2026-07-13;12;2026-07;Lunes;Venta;AG03101;60;55;1497;15;83;1705
2026-07-13;13;2026-07;Lunes;SAC;AG01101;60;53;5023;205;609;95
2026-07-13;13;2026-07;Lunes;PQRS;AG02101;60;57;2504;272;198;446
2026-07-13;13;2026-07;Lunes;PQRS;AG02102;60;54;1885;73;191;1091
2026-07-13;13;2026-07;Lunes;Venta;AG03101;60;57;1987;28;116;1289
2026-07-13;14;2026-07;Lunes;SAC;AG01101;60;50;4172;159;554;90
2026-07-13;14;2026-07;Lunes;PQRS;AG02101;60;51;6027;162;509;92
2026-07-13;14;2026-07;Lunes;Venta;AG03101;60;53;1143;18;73;1946
2026-07-13;15;2026-07;Lunes;SAC;AG01201;60;50;1548;2;327;1123
2026-07-13;15;2026-07;Lunes;PQRS;AG02201;60;52;7610;505;637;94
2026-07-13;15;2026-07;Lunes;Venta;AG03201;60;53;1766;83;101;1230
2026-07-13;16;2026-07;Lunes;SAC;AG01201;60;53;3028;128;403;95
2026-07-13;16;2026-07;Lunes;PQRS;AG02201;60;52;6478;312;666;94
2026-07-13;16;2026-07;Lunes;Venta;AG03201;60;53;0;0;0;3180
2026-07-13;17;2026-07;Lunes;SAC;AG01201;60;56;4282;482;747;101
2026-07-13;17;2026-07;Lunes;PQRS;AG02201;60;58;4399;272;369;104
2026-07-13;17;2026-07;Lunes;Venta;AG03201;60;56;620;154;47;2539
2026-07-13;18;2026-07;Lunes;SAC;AG01201;60;52;3966;416;637;94
2026-07-13;18;2026-07;Lunes;PQRS;AG02201;60;51;1756;108;207;989
2026-07-13;18;2026-07;Lunes;PQRS;AG02202;60;56;2228;0;202;930
2026-07-13;18;2026-07;Lunes;Venta;AG03201;60;55;2284;0;146;870
2026-07-13;19;2026-07;Lunes;SAC;AG01201;60;53;4390;337;676;95
2026-07-13;19;2026-07;Lunes;PQRS;AG02201;60;55;1221;58;158;1863
2026-07-13;19;2026-07;Lunes;PQRS;AG02202;60;55;2071;160;202;867
2026-07-13;19;2026-07;Lunes;Venta;AG03201;60;56;1304;24;116;1916
2026-07-13;20;2026-07;Lunes;SAC;AG01201;60;53;3776;223;533;95
2026-07-13;20;2026-07;Lunes;PQRS;AG02201;60;55;3369;136;304;99
2026-07-13;20;2026-07;Lunes;Venta;AG03201;60;55;0;0;0;3300
2026-07-13;21;2026-07;Lunes;SAC;AG01201;60;56;4067;328;465;101
2026-07-13;21;2026-07;Lunes;PQRS;AG02201;60;50;2257;35;175;533
2026-07-13;22;2026-07;Lunes;SAC;AG01201;60;57;1032;58;91;2239
2026-07-13;22;2026-07;Lunes;PQRS;AG02201;60;51;2252;109;188;511
2026-07-14;7;2026-07;Martes;SAC;AG01101;60;56;1471;51;156;1682
2026-07-14;7;2026-07;Martes;PQRS;AG02101;60;53;1792;138;136;1114
2026-07-14;8;2026-07;Martes;SAC;AG01101;60;55;3721;226;418;99
2026-07-14;8;2026-07;Martes;PQRS;AG02101;60;50;2469;248;216;90
2026-07-14;9;2026-07;Martes;SAC;AG01101;60;56;3732;369;730;101
2026-07-14;9;2026-07;Martes;PQRS;AG02101;60;56;5420;393;464;101
2026-07-14;9;2026-07;Martes;Venta;AG03101;60;52;1621;64;94;1341
2026-07-14;10;2026-07;Martes;SAC;AG01101;60;56;3873;431;699;101
2026-07-14;10;2026-07;Martes;PQRS;AG02101;60;48;9006;397;580;86
2026-07-14;10;2026-07;Martes;Venta;AG03101;60;55;950;0;101;2249
2026-07-14;11;2026-07;Martes;SAC;AG01101;60;56;3970;550;789;101
2026-07-14;11;2026-07;Martes;PQRS;AG02101;60;50;2868;265;309;90
2026-07-14;11;2026-07;Martes;PQRS;AG02102;60;53;2621;276;276;95
2026-07-14;11;2026-07;Martes;Venta;AG03101;60;54;1892;263;248;837
2026-07-14;12;2026-07;Martes;SAC;AG01101;60;53;4008;368;831;95
2026-07-14;12;2026-07;Martes;PQRS;AG02101;60;50;2201;54;217;528
2026-07-14;12;2026-07;Martes;PQRS;AG02102;60;57;2617;203;235;365
2026-07-14;12;2026-07;Martes;Venta;AG03101;60;54;1880;55;198;1107
2026-07-14;13;2026-07;Martes;SAC;AG01101;60;56;4304;283;614;101
2026-07-14;13;2026-07;Martes;PQRS;AG02101;60;55;4505;461;539;99
2026-07-14;13;2026-07;Martes;Venta;AG03101;60;55;1845;108;173;1174
2026-07-14;14;2026-07;Martes;SAC;AG01101;60;59;7066;284;982;106
2026-07-14;14;2026-07;Martes;PQRS;AG02101;60;57;5144;106;542;103
2026-07-14;14;2026-07;Martes;Venta;AG03101;60;54;4115;58;385;97
2026-07-14;15;2026-07;Martes;SAC;AG01201;60;53;3297;329;528;95
2026-07-14;15;2026-07;Martes;PQRS;AG02201;60;55;2810;166;376;99
2026-07-14;15;2026-07;Martes;Venta;AG03201;60;52;2217;140;271;492
2026-07-14;16;2026-07;Martes;SAC;AG01201;60;55;5812;395;725;99
2026-07-14;16;2026-07;Martes;PQRS;AG02201;60;56;3868;365;348;101
2026-07-14;16;2026-07;Martes;Venta;AG03201;60;53;0;0;0;3180
2026-07-14;17;2026-07;Martes;SAC;AG01201;60;54;4369;529;924;97
2026-07-14;17;2026-07;Martes;PQRS;AG02201;60;54;3517;233;330;97
2026-07-14;17;2026-07;Martes;Venta;AG03201;60;53;925;29;147;2079
2026-07-14;18;2026-07;Martes;SAC;AG01201;60;55;5945;328;903;99
2026-07-14;18;2026-07;Martes;PQRS;AG02201;60;56;6121;405;697;101
2026-07-14;18;2026-07;Martes;Venta;AG03201;60;55;694;0;101;2505
2026-07-14;19;2026-07;Martes;SAC;AG01201;60;55;6078;541;1124;99
2026-07-14;19;2026-07;Martes;PQRS;AG02201;60;53;7189;492;480;95
2026-07-14;19;2026-07;Martes;Venta;AG03201;60;58;1271;21;122;2066
2026-07-14;20;2026-07;Martes;SAC;AG01201;60;54;3731;231;609;97
2026-07-14;20;2026-07;Martes;PQRS;AG02201;60;52;5579;318;510;94
2026-07-14;20;2026-07;Martes;Venta;AG03201;60;58;1812;0;144;1524
2026-07-14;21;2026-07;Martes;SAC;AG01201;60;58;3016;145;447;104
2026-07-14;21;2026-07;Martes;PQRS;AG02201;60;56;4450;142;499;101
2026-07-14;22;2026-07;Martes;SAC;AG01201;60;56;3416;295;454;101
2026-07-14;22;2026-07;Martes;PQRS;AG02201;60;58;238;75;36;3131
2026-07-15;7;2026-07;Miércoles;SAC;AG01101;60;53;1221;23;149;1787
2026-07-15;7;2026-07;Miércoles;PQRS;AG02101;60;58;626;102;105;2647
2026-07-15;8;2026-07;Miércoles;SAC;AG01101;60;50;2494;212;446;90
2026-07-15;8;2026-07;Miércoles;PQRS;AG02101;60;52;1996;31;212;881
2026-07-15;9;2026-07;Miércoles;SAC;AG01101;60;58;4644;176;633;104
2026-07-15;9;2026-07;Miércoles;PQRS;AG02101;60;58;4714;83;398;104
2026-07-15;9;2026-07;Miércoles;Venta;AG03101;60;58;379;0;17;3084
2026-07-15;10;2026-07;Miércoles;SAC;AG01101;60;56;4662;262;712;101
2026-07-15;10;2026-07;Miércoles;PQRS;AG02101;60;54;4174;244;488;97
2026-07-15;10;2026-07;Miércoles;Venta;AG03101;60;58;1656;201;187;1436
2026-07-15;11;2026-07;Miércoles;SAC;AG01101;60;52;4382;461;787;94
2026-07-15;11;2026-07;Miércoles;PQRS;AG02101;60;56;1858;0;187;1315
2026-07-15;11;2026-07;Miércoles;PQRS;AG02102;60;56;5769;169;570;101
2026-07-15;11;2026-07;Miércoles;Venta;AG03101;60;53;1650;89;149;1292
2026-07-15;12;2026-07;Miércoles;SAC;AG01101;60;53;3874;302;737;95
2026-07-15;12;2026-07;Miércoles;PQRS;AG02101;60;53;3875;116;375;95
2026-07-15;12;2026-07;Miércoles;PQRS;AG02102;60;47;2997;73;309;85
2026-07-15;12;2026-07;Miércoles;Venta;AG03101;60;57;1473;135;124;1688
2026-07-15;13;2026-07;Miércoles;SAC;AG01101;60;52;4096;422;761;94
2026-07-15;13;2026-07;Miércoles;PQRS;AG02101;60;51;4760;361;453;92
2026-07-15;13;2026-07;Miércoles;Venta;AG03101;60;57;1082;0;91;2247
2026-07-15;14;2026-07;Miércoles;SAC;AG01101;60;57;3826;457;732;103
2026-07-15;14;2026-07;Miércoles;PQRS;AG02101;60;48;5617;261;594;86
2026-07-15;14;2026-07;Miércoles;Venta;AG03101;60;52;1119;0;106;1895
2026-07-15;15;2026-07;Miércoles;SAC;AG01201;60;57;1956;90;299;1075
2026-07-15;15;2026-07;Miércoles;PQRS;AG02201;60;55;5661;514;516;99
2026-07-15;15;2026-07;Miércoles;Venta;AG03201;60;56;3120;244;231;101
2026-07-15;16;2026-07;Miércoles;SAC;AG01201;60;47;3670;235;684;85
2026-07-15;16;2026-07;Miércoles;PQRS;AG02201;60;55;3737;230;412;99
2026-07-15;16;2026-07;Miércoles;Venta;AG03201;60;55;994;19;82;2205
2026-07-15;17;2026-07;Miércoles;SAC;AG01201;60;58;4650;505;634;104
2026-07-15;17;2026-07;Miércoles;PQRS;AG02201;60;58;2294;70;287;829
2026-07-15;17;2026-07;Miércoles;Venta;AG03201;60;55;2171;47;169;913
2026-07-15;18;2026-07;Miércoles;SAC;AG01201;60;56;3207;81;546;101
2026-07-15;18;2026-07;Miércoles;PQRS;AG02201;60;56;5554;368;607;101
2026-07-15;18;2026-07;Miércoles;Venta;AG03201;60;57;2420;114;222;664
2026-07-15;19;2026-07;Miércoles;SAC;AG01201;60;53;5725;356;828;95
2026-07-15;19;2026-07;Miércoles;PQRS;AG02201;60;52;5725;279;402;94
2026-07-15;19;2026-07;Miércoles;Venta;AG03201;60;56;2074;16;158;1112
2026-07-15;20;2026-07;Miércoles;SAC;AG01201;60;55;4180;468;693;99
2026-07-15;20;2026-07;Miércoles;PQRS;AG02201;60;58;3413;182;367;104
2026-07-15;20;2026-07;Miércoles;Venta;AG03201;60;54;0;0;0;3240
2026-07-15;21;2026-07;Miércoles;SAC;AG01201;60;49;3477;164;509;88
2026-07-15;21;2026-07;Miércoles;PQRS;AG02201;60;50;3364;180;360;90
2026-07-15;22;2026-07;Miércoles;SAC;AG01201;60;57;1588;192;283;1357
2026-07-15;22;2026-07;Miércoles;PQRS;AG02201;60;51;1560;151;182;1167
2026-07-16;7;2026-07;Jueves;SAC;AG01101;60;55;415;47;72;2766
2026-07-16;7;2026-07;Jueves;PQRS;AG02101;60;59;562;16;94;2868
2026-07-16;8;2026-07;Jueves;SAC;AG01101;60;54;1454;90;249;1447
2026-07-16;8;2026-07;Jueves;PQRS;AG02101;60;54;1429;120;156;1535
2026-07-16;9;2026-07;Jueves;SAC;AG01101;60;54;3371;193;524;97
2026-07-16;9;2026-07;Jueves;PQRS;AG02101;60;56;2029;125;232;974
2026-07-16;9;2026-07;Jueves;Venta;AG03101;60;56;1307;78;124;1851
2026-07-16;10;2026-07;Jueves;SAC;AG01101;60;50;4872;315;656;90
2026-07-16;10;2026-07;Jueves;PQRS;AG02101;60;53;3345;273;196;95
2026-07-16;10;2026-07;Jueves;Venta;AG03101;60;54;1916;115;99;1110
2026-07-16;11;2026-07;Jueves;SAC;AG01101;60;58;4565;449;652;104
2026-07-16;11;2026-07;Jueves;PQRS;AG02101;60;55;2148;127;244;781
2026-07-16;11;2026-07;Jueves;PQRS;AG02102;60;56;2574;109;254;423
2026-07-16;11;2026-07;Jueves;Venta;AG03101;60;57;1014;98;157;2151
2026-07-16;12;2026-07;Jueves;SAC;AG01101;60;54;2699;303;539;97
2026-07-16;12;2026-07;Jueves;PQRS;AG02101;60;58;2747;201;239;293
2026-07-16;12;2026-07;Jueves;PQRS;AG02102;60;54;2029;70;200;941
2026-07-16;12;2026-07;Jueves;Venta;AG03101;60;56;1288;0;119;1953
2026-07-16;13;2026-07;Jueves;SAC;AG01101;60;53;3782;451;601;95
2026-07-16;13;2026-07;Jueves;PQRS;AG02101;60;55;4073;120;402;99
2026-07-16;13;2026-07;Jueves;Venta;AG03101;60;54;1124;120;119;1877
2026-07-16;14;2026-07;Jueves;SAC;AG01101;60;52;2362;319;300;139
2026-07-16;14;2026-07;Jueves;PQRS;AG02101;60;57;4394;401;427;103
2026-07-16;14;2026-07;Jueves;Venta;AG03101;60;59;333;0;35;3172
2026-07-16;15;2026-07;Jueves;SAC;AG01201;60;55;2035;104;349;812
2026-07-16;15;2026-07;Jueves;PQRS;AG02201;60;54;2835;171;280;97
2026-07-16;15;2026-07;Jueves;Venta;AG03201;60;51;156;0;27;2877
2026-07-16;16;2026-07;Jueves;SAC;AG01201;60;54;2776;136;496;97
2026-07-16;16;2026-07;Jueves;PQRS;AG02201;60;56;4592;211;406;101
2026-07-16;16;2026-07;Jueves;Venta;AG03201;60;54;1092;38;53;2057
2026-07-16;17;2026-07;Jueves;SAC;AG01201;60;58;2295;118;373;694
2026-07-16;17;2026-07;Jueves;PQRS;AG02201;60;56;4797;216;382;101
2026-07-16;17;2026-07;Jueves;Venta;AG03201;60;51;231;0;34;2795
2026-07-16;18;2026-07;Jueves;SAC;AG01201;60;57;4223;183;522;103
2026-07-16;18;2026-07;Jueves;PQRS;AG02201;60;55;4022;286;354;99
2026-07-16;18;2026-07;Jueves;Venta;AG03201;60;53;320;30;43;2787
2026-07-16;19;2026-07;Jueves;SAC;AG01201;60;56;2507;161;374;318
2026-07-16;19;2026-07;Jueves;PQRS;AG02201;60;49;5588;214;476;88
2026-07-16;19;2026-07;Jueves;Venta;AG03201;60;53;343;23;28;2786
2026-07-16;20;2026-07;Jueves;SAC;AG01201;60;53;2731;184;512;95
2026-07-16;20;2026-07;Jueves;PQRS;AG02201;60;51;3249;234;301;92
2026-07-16;20;2026-07;Jueves;Venta;AG03201;60;51;1011;27;120;1902
2026-07-16;21;2026-07;Jueves;SAC;AG01201;60;52;1312;23;238;1547
2026-07-16;21;2026-07;Jueves;PQRS;AG02201;60;54;2559;154;186;341
2026-07-16;22;2026-07;Jueves;SAC;AG01201;60;58;794;180;89;2417
2026-07-16;22;2026-07;Jueves;PQRS;AG02201;60;56;773;71;118;2398
2026-07-17;7;2026-07;Viernes;SAC;AG01101;60;55;721;48;99;2432
2026-07-17;7;2026-07;Viernes;PQRS;AG02101;60;53;0;0;0;3180
2026-07-17;8;2026-07;Viernes;SAC;AG01101;60;56;2591;174;365;230
2026-07-17;8;2026-07;Viernes;PQRS;AG02101;60;49;825;56;135;1924
2026-07-17;9;2026-07;Viernes;SAC;AG01101;60;57;3578;237;436;103
2026-07-17;9;2026-07;Viernes;PQRS;AG02101;60;55;5243;443;678;99
2026-07-17;9;2026-07;Viernes;Venta;AG03101;60;51;2638;94;191;137
2026-07-17;10;2026-07;Viernes;SAC;AG01101;60;54;5026;264;642;97
2026-07-17;10;2026-07;Viernes;PQRS;AG02101;60;51;4416;100;366;92
2026-07-17;10;2026-07;Viernes;Venta;AG03101;60;55;1530;80;169;1521
2026-07-17;11;2026-07;Viernes;SAC;AG01101;60;56;4544;312;813;101
2026-07-17;11;2026-07;Viernes;PQRS;AG02101;60;53;3062;54;227;95
2026-07-17;11;2026-07;Viernes;PQRS;AG02102;60;55;2437;25;199;639
2026-07-17;11;2026-07;Viernes;Venta;AG03101;60;54;2047;89;204;900
2026-07-17;12;2026-07;Viernes;SAC;AG01101;60;53;4668;206;620;95
2026-07-17;12;2026-07;Viernes;PQRS;AG02101;60;52;1973;188;204;755
2026-07-17;12;2026-07;Viernes;PQRS;AG02102;60;53;3440;19;329;95
2026-07-17;12;2026-07;Viernes;Venta;AG03101;60;58;2265;39;213;963
2026-07-17;13;2026-07;Viernes;SAC;AG01101;60;56;3730;256;548;101
2026-07-17;13;2026-07;Viernes;PQRS;AG02101;60;55;3613;219;369;99
2026-07-17;13;2026-07;Viernes;Venta;AG03101;60;54;1151;122;122;1845
2026-07-17;14;2026-07;Viernes;SAC;AG01101;60;47;3734;180;635;85
2026-07-17;14;2026-07;Viernes;PQRS;AG02101;60;53;3823;269;496;95
2026-07-17;14;2026-07;Viernes;Venta;AG03101;60;55;1418;67;150;1665
2026-07-17;15;2026-07;Viernes;SAC;AG01201;60;52;2301;242;342;235
2026-07-17;15;2026-07;Viernes;PQRS;AG02201;60;55;3122;180;250;99
2026-07-17;15;2026-07;Viernes;Venta;AG03201;60;58;1359;28;89;2004
2026-07-17;16;2026-07;Viernes;SAC;AG01201;60;55;4728;436;556;99
2026-07-17;16;2026-07;Viernes;PQRS;AG02201;60;58;4870;243;434;104
2026-07-17;16;2026-07;Viernes;Venta;AG03201;60;46;0;0;0;2760
2026-07-17;17;2026-07;Viernes;SAC;AG01201;60;51;4176;310;461;92
2026-07-17;17;2026-07;Viernes;PQRS;AG02201;60;56;2184;132;264;780
2026-07-17;17;2026-07;Viernes;Venta;AG03201;60;55;1425;131;61;1683
2026-07-17;18;2026-07;Viernes;SAC;AG01201;60;57;3074;150;519;103
2026-07-17;18;2026-07;Viernes;PQRS;AG02201;60;54;6489;493;526;97
2026-07-17;18;2026-07;Viernes;Venta;AG03201;60;58;1762;52;215;1451
2026-07-17;19;2026-07;Viernes;SAC;AG01201;60;51;2739;140;471;92
2026-07-17;19;2026-07;Viernes;PQRS;AG02201;60;54;8798;409;755;97
2026-07-17;19;2026-07;Viernes;Venta;AG03201;60;55;2160;149;192;799
2026-07-17;20;2026-07;Viernes;SAC;AG01201;60;57;2428;258;418;316
2026-07-17;20;2026-07;Viernes;PQRS;AG02201;60;56;4599;65;356;101
2026-07-17;20;2026-07;Viernes;Venta;AG03201;60;56;1558;0;143;1659
2026-07-17;21;2026-07;Viernes;SAC;AG01201;60;55;2847;256;485;99
2026-07-17;21;2026-07;Viernes;PQRS;AG02201;60;56;4344;184;408;101
2026-07-17;22;2026-07;Viernes;SAC;AG01201;60;59;2663;280;342;255
2026-07-17;22;2026-07;Viernes;PQRS;AG02201;60;53;1424;87;149;1520
2026-07-18;7;2026-07;Sábado;SAC;AG01101;60;58;509;133;86;2752
2026-07-18;7;2026-07;Sábado;PQRS;AG02101;60;56;1677;92;102;1489
2026-07-18;8;2026-07;Sábado;SAC;AG01101;60;56;1483;88;277;1512
2026-07-18;8;2026-07;Sábado;PQRS;AG02101;60;56;1582;66;154;1558
2026-07-18;9;2026-07;Sábado;SAC;AG01101;60;56;428;54;113;2765
2026-07-18;9;2026-07;Sábado;PQRS;AG02101;60;52;3560;3;279;94
2026-07-18;9;2026-07;Sábado;Venta;AG03101;60;55;1162;0;162;1976
2026-07-18;10;2026-07;Sábado;SAC;AG01101;60;58;3164;380;597;104
2026-07-18;10;2026-07;Sábado;PQRS;AG02101;60;57;2970;217;295;103
2026-07-18;10;2026-07;Sábado;Venta;AG03101;60;56;702;83;71;2504
2026-07-18;11;2026-07;Sábado;SAC;AG01101;60;51;3181;281;436;92
2026-07-18;11;2026-07;Sábado;PQRS;AG02101;60;55;3090;181;323;99
2026-07-18;11;2026-07;Sábado;Venta;AG03101;60;54;827;0;100;2313
2026-07-18;12;2026-07;Sábado;SAC;AG01101;60;55;2502;332;385;99
2026-07-18;12;2026-07;Sábado;PQRS;AG02101;60;55;4347;138;421;99
2026-07-18;12;2026-07;Sábado;Venta;AG03101;60;59;2152;44;173;1171
2026-07-18;13;2026-07;Sábado;SAC;AG01101;60;50;2332;392;466;90
2026-07-18;13;2026-07;Sábado;PQRS;AG02101;60;54;4625;329;406;97
2026-07-18;13;2026-07;Sábado;Venta;AG03101;60;58;405;0;46;3029
2026-07-18;14;2026-07;Sábado;SAC;AG01101;60;52;2316;151;295;358
2026-07-18;14;2026-07;Sábado;PQRS;AG02101;60;57;2387;134;332;567
2026-07-18;14;2026-07;Sábado;Venta;AG03101;60;56;803;51;73;2433
2026-07-18;15;2026-07;Sábado;SAC;AG01201;60;51;1863;76;342;779
2026-07-18;15;2026-07;Sábado;PQRS;AG02201;60;56;2803;0;286;271
2026-07-18;15;2026-07;Sábado;Venta;AG03201;60;56;209;20;55;3076
2026-07-18;16;2026-07;Sábado;SAC;AG01201;60;56;1758;162;359;1081
2026-07-18;16;2026-07;Sábado;PQRS;AG02201;60;57;2710;109;241;360
2026-07-18;16;2026-07;Sábado;Venta;AG03201;60;58;1255;105;145;1975
2026-07-18;17;2026-07;Sábado;SAC;AG01201;60;50;1767;61;224;948
2026-07-18;17;2026-07;Sábado;PQRS;AG02201;60;56;3376;86;311;101
2026-07-18;17;2026-07;Sábado;Venta;AG03201;60;55;567;0;73;2660
2026-07-18;18;2026-07;Sábado;SAC;AG01201;60;52;2172;201;336;411
2026-07-18;18;2026-07;Sábado;PQRS;AG02201;60;51;3808;290;397;92
2026-07-18;18;2026-07;Sábado;Venta;AG03201;60;55;501;64;69;2666
2026-07-18;19;2026-07;Sábado;SAC;AG01201;60;52;2607;192;490;94
2026-07-18;19;2026-07;Sábado;PQRS;AG02201;60;56;1845;308;224;983
2026-07-18;19;2026-07;Sábado;Venta;AG03201;60;59;1451;0;147;1942
2026-07-18;20;2026-07;Sábado;SAC;AG01201;60;48;3117;163;495;86
2026-07-18;20;2026-07;Sábado;PQRS;AG02201;60;52;4575;273;409;94
2026-07-18;20;2026-07;Sábado;Venta;AG03201;60;54;199;11;40;2990
2026-07-18;21;2026-07;Sábado;SAC;AG01201;60;56;2970;123;418;101
2026-07-18;21;2026-07;Sábado;PQRS;AG02201;60;54;2261;40;250;689
2026-07-18;22;2026-07;Sábado;SAC;AG01201;60;56;1694;0;182;1484
2026-07-18;22;2026-07;Sábado;PQRS;AG02201;60;52;2891;234;187;94
2026-07-19;7;2026-07;Domingo;SAC;AG01101;60;54;636;0;103;2501
2026-07-19;7;2026-07;Domingo;PQRS;AG02101;60;54;299;92;60;2789
2026-07-19;8;2026-07;Domingo;SAC;AG01101;60;55;1509;0;185;1606
2026-07-19;8;2026-07;Domingo;PQRS;AG02101;60;57;2219;113;187;901
2026-07-19;9;2026-07;Domingo;SAC;AG01101;60;59;1765;126;292;1357
2026-07-19;9;2026-07;Domingo;PQRS;AG02101;60;58;2624;10;212;634
2026-07-19;9;2026-07;Domingo;Venta;AG03101;60;54;316;8;35;2881
2026-07-19;10;2026-07;Domingo;SAC;AG01101;60;55;1257;0;239;1804
2026-07-19;10;2026-07;Domingo;PQRS;AG02101;60;54;1986;96;157;1001
2026-07-19;10;2026-07;Domingo;Venta;AG03101;60;58;439;70;80;2891
2026-07-19;11;2026-07;Domingo;SAC;AG01101;60;57;1478;88;113;1741
2026-07-19;11;2026-07;Domingo;PQRS;AG02101;60;56;2990;259;226;101
2026-07-19;11;2026-07;Domingo;Venta;AG03101;60;56;356;0;37;2967
2026-07-19;12;2026-07;Domingo;SAC;AG01101;60;54;2838;72;464;97
2026-07-19;12;2026-07;Domingo;PQRS;AG02101;60;53;1988;155;246;791
2026-07-19;12;2026-07;Domingo;Venta;AG03101;60;56;1701;63;176;1420
2026-07-19;13;2026-07;Domingo;SAC;AG01101;60;59;1243;10;181;2106
2026-07-19;13;2026-07;Domingo;PQRS;AG02101;60;54;2802;239;339;97
2026-07-19;13;2026-07;Domingo;Venta;AG03101;60;52;0;0;0;3120
2026-07-19;14;2026-07;Domingo;SAC;AG01101;60;52;2005;57;333;725
2026-07-19;14;2026-07;Domingo;PQRS;AG02101;60;54;1092;39;112;1997
2026-07-19;14;2026-07;Domingo;Venta;AG03101;60;53;1127;23;41;1989
2026-07-19;15;2026-07;Domingo;SAC;AG01201;60;57;1377;173;260;1610
2026-07-19;15;2026-07;Domingo;PQRS;AG02201;60;57;2046;27;179;1168
2026-07-19;15;2026-07;Domingo;Venta;AG03201;60;53;0;0;0;3180
2026-07-19;16;2026-07;Domingo;SAC;AG01201;60;48;889;18;169;1804
2026-07-19;16;2026-07;Domingo;PQRS;AG02201;60;55;1426;81;105;1688
2026-07-19;16;2026-07;Domingo;Venta;AG03201;60;55;378;0;26;2896
2026-07-19;17;2026-07;Domingo;SAC;AG01201;60;56;2275;62;331;692
2026-07-19;17;2026-07;Domingo;PQRS;AG02201;60;51;3780;396;389;92
2026-07-19;17;2026-07;Domingo;Venta;AG03201;60;57;508;108;91;2713
2026-07-19;18;2026-07;Domingo;SAC;AG01201;60;51;1080;90;220;1670
2026-07-19;18;2026-07;Domingo;PQRS;AG02201;60;52;3336;127;277;94
2026-07-19;18;2026-07;Domingo;Venta;AG03201;60;52;0;0;0;3120
2026-07-19;19;2026-07;Domingo;SAC;AG01201;60;57;2275;131;333;681
2026-07-19;19;2026-07;Domingo;PQRS;AG02201;60;57;481;37;33;2869
2026-07-19;19;2026-07;Domingo;Venta;AG03201;60;54;942;6;107;2185
2026-07-19;20;2026-07;Domingo;SAC;AG01201;60;53;2670;253;486;95
2026-07-19;20;2026-07;Domingo;PQRS;AG02201;60;57;1499;123;198;1600
2026-07-19;20;2026-07;Domingo;Venta;AG03201;60;50;1125;51;111;1713
2026-07-19;21;2026-07;Domingo;SAC;AG01201;60;56;1995;244;235;886
2026-07-19;21;2026-07;Domingo;PQRS;AG02201;60;51;1453;94;130;1383
2026-07-19;22;2026-07;Domingo;SAC;AG01201;60;56;1290;51;144;1875
2026-07-19;22;2026-07;Domingo;PQRS;AG02201;60;51;1023;38;124;1875
2026-07-20;7;2026-07;Lunes;SAC;AG01101;60;51;1095;82;228;1655
2026-07-20;7;2026-07;Lunes;PQRS;AG02101;60;53;729;56;72;2323
2026-07-20;8;2026-07;Lunes;SAC;AG01101;60;55;2707;128;323;142
2026-07-20;8;2026-07;Lunes;PQRS;AG02101;60;52;4871;97;392;94
2026-07-20;9;2026-07;Lunes;SAC;AG01101;60;57;3483;285;533;103
2026-07-20;9;2026-07;Lunes;PQRS;AG02101;60;56;3876;267;331;101
2026-07-20;9;2026-07;Lunes;Venta;AG03101;60;53;520;30;61;2569
2026-07-20;10;2026-07;Lunes;SAC;AG01101;60;54;4101;221;574;97
2026-07-20;10;2026-07;Lunes;PQRS;AG02101;60;51;2377;197;251;235
2026-07-20;10;2026-07;Lunes;PQRS;AG02102;60;56;3820;157;332;101
2026-07-20;10;2026-07;Lunes;Venta;AG03101;60;55;206;0;26;3068
2026-07-20;11;2026-07;Lunes;SAC;AG01101;60;57;3655;179;606;103
2026-07-20;11;2026-07;Lunes;PQRS;AG02101;60;52;3257;324;301;94
2026-07-20;11;2026-07;Lunes;PQRS;AG02102;60;55;1800;0;199;1301
2026-07-20;11;2026-07;Lunes;Venta;AG03101;60;59;2487;142;252;659
2026-07-20;12;2026-07;Lunes;SAC;AG01101;60;52;3840;554;739;94
2026-07-20;12;2026-07;Lunes;PQRS;AG02101;60;48;149;0;45;2686
2026-07-20;12;2026-07;Lunes;PQRS;AG02102;60;52;2795;181;334;94
2026-07-20;12;2026-07;Lunes;Venta;AG03101;60;55;3096;265;251;99
2026-07-20;13;2026-07;Lunes;SAC;AG01101;60;57;2681;191;484;103
2026-07-20;13;2026-07;Lunes;PQRS;AG02101;60;52;3956;142;257;94
2026-07-20;13;2026-07;Lunes;PQRS;AG02102;60;54;2671;32;262;275
2026-07-20;13;2026-07;Lunes;Venta;AG03101;60;57;1321;72;119;1908
2026-07-20;14;2026-07;Lunes;SAC;AG01101;60;57;3125;140;543;103
2026-07-20;14;2026-07;Lunes;PQRS;AG02101;60;54;4242;269;404;97
2026-07-20;14;2026-07;Lunes;Venta;AG03101;60;57;499;50;56;2815
2026-07-20;15;2026-07;Lunes;SAC;AG01201;60;55;1916;0;331;1053
2026-07-20;15;2026-07;Lunes;PQRS;AG02201;60;53;4044;253;357;95
2026-07-20;15;2026-07;Lunes;Venta;AG03201;60;56;1248;73;106;1933
2026-07-20;16;2026-07;Lunes;SAC;AG01201;60;54;2482;133;456;169
2026-07-20;16;2026-07;Lunes;PQRS;AG02201;60;57;3444;246;376;103
2026-07-20;16;2026-07;Lunes;Venta;AG03201;60;54;445;0;46;2749
2026-07-20;17;2026-07;Lunes;SAC;AG01201;60;50;1979;100;331;590
2026-07-20;17;2026-07;Lunes;PQRS;AG02201;60;57;5679;118;526;103
2026-07-20;17;2026-07;Lunes;Venta;AG03201;60;57;2699;50;275;396
2026-07-20;18;2026-07;Lunes;SAC;AG01201;60;56;4580;531;780;101
2026-07-20;18;2026-07;Lunes;PQRS;AG02201;60;54;3907;92;349;97
2026-07-20;18;2026-07;Lunes;PQRS;AG02202;60;57;3871;49;297;103
2026-07-20;18;2026-07;Lunes;Venta;AG03201;60;56;520;121;26;2693
2026-07-20;19;2026-07;Lunes;SAC;AG01201;60;56;2650;178;505;101
2026-07-20;19;2026-07;Lunes;PQRS;AG02201;60;55;1155;54;151;1940
2026-07-20;19;2026-07;Lunes;PQRS;AG02202;60;54;2320;112;181;627
2026-07-20;19;2026-07;Lunes;Venta;AG03201;60;55;412;0;39;2849
2026-07-20;20;2026-07;Lunes;SAC;AG01201;60;58;1834;240;278;1128
2026-07-20;20;2026-07;Lunes;PQRS;AG02201;60;54;5313;477;429;97
2026-07-20;20;2026-07;Lunes;Venta;AG03201;60;53;793;10;103;2274
2026-07-20;21;2026-07;Lunes;SAC;AG01201;60;50;4295;279;532;90
2026-07-20;21;2026-07;Lunes;PQRS;AG02201;60;59;3671;130;292;106
2026-07-20;22;2026-07;Lunes;SAC;AG01201;60;56;2096;51;283;930
2026-07-20;22;2026-07;Lunes;PQRS;AG02201;60;56;2201;100;234;825
2026-07-21;7;2026-07;Martes;SAC;AG01101;60;51;995;120;166;1779
2026-07-21;7;2026-07;Martes;PQRS;AG02101;60;48;510;49;48;2273
2026-07-21;8;2026-07;Martes;SAC;AG01101;60;55;2983;97;363;99
2026-07-21;8;2026-07;Martes;PQRS;AG02101;60;45;1769;111;167;653
2026-07-21;9;2026-07;Martes;SAC;AG01101;60;56;2007;147;289;917
2026-07-21;9;2026-07;Martes;PQRS;AG02101;60;53;2924;97;238;95
2026-07-21;9;2026-07;Martes;Venta;AG03101;60;56;1547;14;163;1636
2026-07-21;10;2026-07;Martes;SAC;AG01101;60;54;2508;233;495;97
2026-07-21;10;2026-07;Martes;PQRS;AG02101;60;58;5450;305;457;104
2026-07-21;10;2026-07;Martes;Venta;AG03101;60;55;1796;60;208;1236
2026-07-21;11;2026-07;Martes;SAC;AG01101;60;52;3086;335;597;94
2026-07-21;11;2026-07;Martes;PQRS;AG02101;60;56;2770;377;304;101
2026-07-21;11;2026-07;Martes;PQRS;AG02102;60;55;1089;22;117;2072
2026-07-21;11;2026-07;Martes;Venta;AG03101;60;53;1103;0;114;1963
2026-07-21;12;2026-07;Martes;SAC;AG01101;60;56;3449;311;484;101
2026-07-21;12;2026-07;Martes;PQRS;AG02101;60;56;2582;74;210;494
2026-07-21;12;2026-07;Martes;PQRS;AG02102;60;55;3514;299;408;99
2026-07-21;12;2026-07;Martes;Venta;AG03101;60;57;1102;17;108;2193
2026-07-21;13;2026-07;Martes;SAC;AG01101;60;58;5460;425;740;104
2026-07-21;13;2026-07;Martes;PQRS;AG02101;60;53;2420;98;227;435
2026-07-21;13;2026-07;Martes;Venta;AG03101;60;55;2169;122;192;817
2026-07-21;14;2026-07;Martes;SAC;AG01101;60;55;3890;210;514;99
2026-07-21;14;2026-07;Martes;PQRS;AG02101;60;50;5756;207;425;90
2026-07-21;14;2026-07;Martes;Venta;AG03101;60;50;2284;0;177;539
2026-07-21;15;2026-07;Martes;SAC;AG01201;60;55;1531;191;367;1211
2026-07-21;15;2026-07;Martes;PQRS;AG02201;60;54;4307;285;405;97
2026-07-21;15;2026-07;Martes;Venta;AG03201;60;47;848;0;21;1951
2026-07-21;16;2026-07;Martes;SAC;AG01201;60;56;3434;193;530;101
2026-07-21;16;2026-07;Martes;PQRS;AG02201;60;55;5168;192;403;99
2026-07-21;16;2026-07;Martes;Venta;AG03201;60;56;1591;156;136;1477
2026-07-21;17;2026-07;Martes;SAC;AG01201;60;57;2262;137;368;653
2026-07-21;17;2026-07;Martes;PQRS;AG02201;60;56;5963;196;472;101
2026-07-21;17;2026-07;Martes;Venta;AG03201;60;55;804;0;64;2432
2026-07-21;18;2026-07;Martes;SAC;AG01201;60;49;2905;235;474;88
2026-07-21;18;2026-07;Martes;PQRS;AG02201;60;58;3932;112;367;104
2026-07-21;18;2026-07;Martes;Venta;AG03201;60;52;1134;67;134;1785
2026-07-21;19;2026-07;Martes;SAC;AG01201;60;56;4258;269;644;101
2026-07-21;19;2026-07;Martes;PQRS;AG02201;60;56;2955;188;320;101
2026-07-21;19;2026-07;Martes;Venta;AG03201;60;56;1666;85;155;1454
2026-07-21;20;2026-07;Martes;SAC;AG01201;60;53;3911;336;562;95
2026-07-21;20;2026-07;Martes;PQRS;AG02201;60;56;5625;116;511;101
2026-07-21;20;2026-07;Martes;Venta;AG03201;60;52;575;0;33;2512
2026-07-21;21;2026-07;Martes;SAC;AG01201;60;53;2605;50;403;122
2026-07-21;21;2026-07;Martes;PQRS;AG02201;60;55;4868;195;476;99
2026-07-21;22;2026-07;Martes;SAC;AG01201;60;57;2789;120;298;213
2026-07-21;22;2026-07;Martes;PQRS;AG02201;60;55;1950;19;203;1128
2026-07-22;7;2026-07;Miércoles;SAC;AG01101;60;54;655;20;98;2467
2026-07-22;7;2026-07;Miércoles;PQRS;AG02101;60;56;867;29;73;2391
2026-07-22;8;2026-07;Miércoles;SAC;AG01101;60;56;2933;142;372;101
2026-07-22;8;2026-07;Miércoles;PQRS;AG02101;60;57;1384;194;144;1698
2026-07-22;9;2026-07;Miércoles;SAC;AG01101;60;58;2862;98;560;104
2026-07-22;9;2026-07;Miércoles;PQRS;AG02101;60;58;2532;156;298;494
2026-07-22;9;2026-07;Miércoles;Venta;AG03101;60;55;289;0;43;2968
2026-07-22;10;2026-07;Miércoles;SAC;AG01101;60;57;2485;120;361;454
2026-07-22;10;2026-07;Miércoles;PQRS;AG02101;60;59;4599;162;536;106
2026-07-22;10;2026-07;Miércoles;Venta;AG03101;60;57;1470;41;135;1774
2026-07-22;11;2026-07;Miércoles;SAC;AG01101;60;55;3129;225;516;99
2026-07-22;11;2026-07;Miércoles;PQRS;AG02101;60;55;2271;131;213;685
2026-07-22;11;2026-07;Miércoles;PQRS;AG02102;60;57;1634;77;145;1564
2026-07-22;11;2026-07;Miércoles;Venta;AG03101;60;58;0;0;0;3480
2026-07-22;12;2026-07;Miércoles;SAC;AG01101;60;53;4799;552;745;95
2026-07-22;12;2026-07;Miércoles;PQRS;AG02101;60;44;2805;59;302;79
2026-07-22;12;2026-07;Miércoles;PQRS;AG02102;60;47;2263;27;234;296
2026-07-22;12;2026-07;Miércoles;Venta;AG03101;60;57;667;41;88;2624
2026-07-22;13;2026-07;Miércoles;SAC;AG01101;60;51;3358;101;500;92
2026-07-22;13;2026-07;Miércoles;PQRS;AG02101;60;54;4210;131;439;97
2026-07-22;13;2026-07;Miércoles;Venta;AG03101;60;51;181;46;32;2801
2026-07-22;14;2026-07;Miércoles;SAC;AG01101;60;54;3566;194;500;97
2026-07-22;14;2026-07;Miércoles;PQRS;AG02101;60;57;3370;20;284;103
2026-07-22;14;2026-07;Miércoles;Venta;AG03101;60;52;352;22;50;2696
2026-07-22;15;2026-07;Miércoles;SAC;AG01201;60;56;2423;328;376;233
2026-07-22;15;2026-07;Miércoles;PQRS;AG02201;60;51;4862;285;529;92
2026-07-22;15;2026-07;Miércoles;Venta;AG03201;60;59;885;0;90;2565
2026-07-22;16;2026-07;Miércoles;SAC;AG01201;60;59;1644;38;331;1527
2026-07-22;16;2026-07;Miércoles;PQRS;AG02201;60;57;1135;71;187;2027
2026-07-22;16;2026-07;Miércoles;Venta;AG03201;60;57;465;0;78;2877
2026-07-22;17;2026-07;Miércoles;SAC;AG01201;60;56;1546;107;341;1366
2026-07-22;17;2026-07;Miércoles;PQRS;AG02201;60;56;5469;264;546;101
2026-07-22;17;2026-07;Miércoles;Venta;AG03201;60;55;1189;14;105;1992
2026-07-22;18;2026-07;Miércoles;SAC;AG01201;60;51;3431;267;582;92
2026-07-22;18;2026-07;Miércoles;PQRS;AG02201;60;56;5176;108;380;101
2026-07-22;18;2026-07;Miércoles;Venta;AG03201;60;55;2133;0;127;1040
2026-07-22;19;2026-07;Miércoles;SAC;AG01201;60;55;3470;301;562;99
2026-07-22;19;2026-07;Miércoles;PQRS;AG02201;60;52;3397;268;293;94
2026-07-22;19;2026-07;Miércoles;Venta;AG03201;60;56;571;0;29;2760
2026-07-22;20;2026-07;Miércoles;SAC;AG01201;60;51;3330;112;430;92
2026-07-22;20;2026-07;Miércoles;PQRS;AG02201;60;56;3160;197;354;101
2026-07-22;20;2026-07;Miércoles;Venta;AG03201;60;57;1486;96;99;1739
2026-07-22;21;2026-07;Miércoles;SAC;AG01201;60;52;450;2;90;2578
2026-07-22;21;2026-07;Miércoles;PQRS;AG02201;60;47;1751;127;174;768
2026-07-22;22;2026-07;Miércoles;SAC;AG01201;60;54;2372;71;260;537
2026-07-22;22;2026-07;Miércoles;PQRS;AG02201;60;53;2119;0;120;941
2026-07-23;7;2026-07;Jueves;SAC;AG01101;60;56;812;33;161;2354
2026-07-23;7;2026-07;Jueves;PQRS;AG02101;60;56;1623;125;71;1541
2026-07-23;8;2026-07;Jueves;SAC;AG01101;60;53;3096;306;372;95
2026-07-23;8;2026-07;Jueves;PQRS;AG02101;60;53;1554;105;204;1317
2026-07-23;9;2026-07;Jueves;SAC;AG01101;60;50;2648;54;532;90
2026-07-23;9;2026-07;Jueves;PQRS;AG02101;60;55;4959;56;397;99
2026-07-23;9;2026-07;Jueves;Venta;AG03101;60;56;861;116;109;2274
2026-07-23;10;2026-07;Jueves;SAC;AG01101;60;54;2512;104;446;178
2026-07-23;10;2026-07;Jueves;PQRS;AG02101;60;52;4715;40;396;94
2026-07-23;10;2026-07;Jueves;Venta;AG03101;60;52;908;0;87;2125
2026-07-23;11;2026-07;Jueves;SAC;AG01101;60;55;4204;301;837;99
2026-07-23;11;2026-07;Jueves;PQRS;AG02101;60;55;2405;103;171;621
2026-07-23;11;2026-07;Jueves;PQRS;AG02102;60;58;700;0;56;2724
2026-07-23;11;2026-07;Jueves;Venta;AG03101;60;57;550;0;85;2785
2026-07-23;12;2026-07;Jueves;SAC;AG01101;60;50;3850;312;737;90
2026-07-23;12;2026-07;Jueves;PQRS;AG02101;60;53;1973;151;135;921
2026-07-23;12;2026-07;Jueves;PQRS;AG02102;60;55;1809;230;209;1052
2026-07-23;12;2026-07;Jueves;Venta;AG03101;60;56;2906;0;194;260
2026-07-23;13;2026-07;Jueves;SAC;AG01101;60;58;2827;278;443;104
2026-07-23;13;2026-07;Jueves;PQRS;AG02101;60;56;3919;133;371;101
2026-07-23;13;2026-07;Jueves;Venta;AG03101;60;55;256;0;42;3002
2026-07-23;14;2026-07;Jueves;SAC;AG01101;60;50;2462;274;410;90
2026-07-23;14;2026-07;Jueves;PQRS;AG02101;60;58;5517;288;537;104
2026-07-23;14;2026-07;Jueves;Venta;AG03101;60;53;1367;0;87;1726
2026-07-23;15;2026-07;Jueves;SAC;AG01201;60;52;2843;231;422;94
2026-07-23;15;2026-07;Jueves;PQRS;AG02201;60;53;2355;78;195;552
2026-07-23;15;2026-07;Jueves;Venta;AG03201;60;56;1838;55;119;1348
2026-07-23;16;2026-07;Jueves;SAC;AG01201;60;58;2506;188;533;253
2026-07-23;16;2026-07;Jueves;PQRS;AG02201;60;53;3709;62;292;95
2026-07-23;16;2026-07;Jueves;Venta;AG03201;60;59;1320;112;120;1988
2026-07-23;17;2026-07;Jueves;SAC;AG01201;60;53;1999;492;372;317
2026-07-23;17;2026-07;Jueves;PQRS;AG02201;60;51;1270;16;112;1662
2026-07-23;17;2026-07;Jueves;Venta;AG03201;60;52;1337;39;103;1641
2026-07-23;18;2026-07;Jueves;SAC;AG01201;60;55;3584;511;589;99
2026-07-23;18;2026-07;Jueves;PQRS;AG02201;60;57;3886;181;560;103
2026-07-23;18;2026-07;Jueves;Venta;AG03201;60;57;0;0;0;3420
2026-07-23;19;2026-07;Jueves;SAC;AG01201;60;55;3717;352;627;99
2026-07-23;19;2026-07;Jueves;PQRS;AG02201;60;59;3799;78;266;106
2026-07-23;19;2026-07;Jueves;Venta;AG03201;60;50;281;0;24;2695
2026-07-23;20;2026-07;Jueves;SAC;AG01201;60;52;2889;254;420;94
2026-07-23;20;2026-07;Jueves;PQRS;AG02201;60;56;3284;44;297;101
2026-07-23;20;2026-07;Jueves;Venta;AG03201;60;57;1359;90;169;1802
2026-07-23;21;2026-07;Jueves;SAC;AG01201;60;56;2056;166;426;712
2026-07-23;21;2026-07;Jueves;PQRS;AG02201;60;53;2043;173;181;783
2026-07-23;22;2026-07;Jueves;SAC;AG01201;60;54;1419;29;220;1572
2026-07-23;22;2026-07;Jueves;PQRS;AG02201;60;54;278;34;73;2855
2026-07-24;7;2026-07;Viernes;SAC;AG01101;60;56;1050;120;154;2036
2026-07-24;7;2026-07;Viernes;PQRS;AG02101;60;56;777;42;58;2483
2026-07-24;8;2026-07;Viernes;SAC;AG01101;60;56;2316;188;382;474
2026-07-24;8;2026-07;Viernes;PQRS;AG02101;60;55;4169;183;263;99
2026-07-24;9;2026-07;Viernes;SAC;AG01101;60;56;907;0;178;2275
2026-07-24;9;2026-07;Viernes;PQRS;AG02101;60;54;3732;221;340;97
2026-07-24;9;2026-07;Viernes;Venta;AG03101;60;58;640;13;60;2767
2026-07-24;10;2026-07;Viernes;SAC;AG01101;60;56;3418;285;571;101
2026-07-24;10;2026-07;Viernes;PQRS;AG02101;60;55;8206;212;748;99
2026-07-24;10;2026-07;Viernes;Venta;AG03101;60;58;0;0;0;3480
2026-07-24;11;2026-07;Viernes;SAC;AG01101;60;54;4695;285;680;97
2026-07-24;11;2026-07;Viernes;PQRS;AG02101;60;55;360;117;65;2758
2026-07-24;11;2026-07;Viernes;PQRS;AG02102;60;50;3027;133;332;90
2026-07-24;11;2026-07;Viernes;Venta;AG03101;60;56;1664;21;143;1532
2026-07-24;12;2026-07;Viernes;SAC;AG01101;60;57;3101;212;522;103
2026-07-24;12;2026-07;Viernes;PQRS;AG02101;60;59;1351;32;122;2035
2026-07-24;12;2026-07;Viernes;PQRS;AG02102;60;54;2804;144;222;97
2026-07-24;12;2026-07;Viernes;Venta;AG03101;60;57;1208;0;121;2091
2026-07-24;13;2026-07;Viernes;SAC;AG01101;60;57;3844;337;613;103
2026-07-24;13;2026-07;Viernes;PQRS;AG02101;60;53;2951;84;263;95
2026-07-24;13;2026-07;Viernes;Venta;AG03101;60;53;877;0;135;2168
2026-07-24;14;2026-07;Viernes;SAC;AG01101;60;55;3427;166;615;99
2026-07-24;14;2026-07;Viernes;PQRS;AG02101;60;48;3159;163;305;86
2026-07-24;14;2026-07;Viernes;Venta;AG03101;60;56;0;0;0;3360
2026-07-24;15;2026-07;Viernes;SAC;AG01201;60;55;1923;124;325;928
2026-07-24;15;2026-07;Viernes;PQRS;AG02201;60;54;5125;194;408;97
2026-07-24;15;2026-07;Viernes;Venta;AG03201;60;47;1130;0;91;1599
2026-07-24;16;2026-07;Viernes;SAC;AG01201;60;55;2987;133;473;99
2026-07-24;16;2026-07;Viernes;PQRS;AG02201;60;53;4715;162;438;95
2026-07-24;16;2026-07;Viernes;Venta;AG03201;60;54;1133;35;95;1977
2026-07-24;17;2026-07;Viernes;SAC;AG01201;60;58;4669;593;869;104
2026-07-24;17;2026-07;Viernes;PQRS;AG02201;60;58;4200;298;376;104
2026-07-24;17;2026-07;Viernes;Venta;AG03201;60;52;960;88;139;1933
2026-07-24;18;2026-07;Viernes;SAC;AG01201;60;55;4301;427;793;99
2026-07-24;18;2026-07;Viernes;PQRS;AG02201;60;54;3588;158;506;97
2026-07-24;18;2026-07;Viernes;Venta;AG03201;60;56;1617;119;116;1508
2026-07-24;19;2026-07;Viernes;SAC;AG01201;60;58;3129;162;503;104
2026-07-24;19;2026-07;Viernes;PQRS;AG02201;60;58;5672;333;614;104
2026-07-24;19;2026-07;Viernes;Venta;AG03201;60;57;2842;82;170;326
2026-07-24;20;2026-07;Viernes;SAC;AG01201;60;51;1989;265;377;429
2026-07-24;20;2026-07;Viernes;PQRS;AG02201;60;58;5829;185;555;104
2026-07-24;20;2026-07;Viernes;Venta;AG03201;60;54;1351;66;148;1675
2026-07-24;21;2026-07;Viernes;SAC;AG01201;60;55;3667;287;514;99
2026-07-24;21;2026-07;Viernes;PQRS;AG02201;60;55;4144;157;300;99
2026-07-24;22;2026-07;Viernes;SAC;AG01201;60;52;2810;142;298;94
2026-07-24;22;2026-07;Viernes;PQRS;AG02201;60;53;2632;175;246;127
2026-07-25;7;2026-07;Sábado;SAC;AG01101;60;55;1191;97;179;1833
2026-07-25;7;2026-07;Sábado;PQRS;AG02101;60;55;1637;0;76;1587
2026-07-25;8;2026-07;Sábado;SAC;AG01101;60;56;1733;106;216;1305
2026-07-25;8;2026-07;Sábado;PQRS;AG02101;60;55;442;18;128;2712
2026-07-25;9;2026-07;Sábado;SAC;AG01101;60;56;1726;414;320;900
2026-07-25;9;2026-07;Sábado;PQRS;AG02101;60;54;4596;253;293;97
2026-07-25;9;2026-07;Sábado;Venta;AG03101;60;56;0;0;0;3360
2026-07-25;10;2026-07;Sábado;SAC;AG01101;60;57;2471;175;464;310
2026-07-25;10;2026-07;Sábado;PQRS;AG02101;60;58;3552;56;476;104
2026-07-25;10;2026-07;Sábado;Venta;AG03101;60;57;628;51;104;2637
2026-07-25;11;2026-07;Sábado;SAC;AG01101;60;54;2763;205;458;97
2026-07-25;11;2026-07;Sábado;PQRS;AG02101;60;54;3755;179;386;97
2026-07-25;11;2026-07;Sábado;Venta;AG03101;60;56;857;9;81;2413
2026-07-25;12;2026-07;Sábado;SAC;AG01101;60;55;2489;217;414;180
2026-07-25;12;2026-07;Sábado;PQRS;AG02101;60;57;4475;243;347;103
2026-07-25;12;2026-07;Sábado;Venta;AG03101;60;58;1625;55;129;1671
2026-07-25;13;2026-07;Sábado;SAC;AG01101;60;56;2391;201;379;389
2026-07-25;13;2026-07;Sábado;PQRS;AG02101;60;56;2594;97;179;490
2026-07-25;13;2026-07;Sábado;Venta;AG03101;60;56;752;28;121;2459
2026-07-25;14;2026-07;Sábado;SAC;AG01101;60;50;2171;107;398;324
2026-07-25;14;2026-07;Sábado;PQRS;AG02101;60;48;2952;0;196;86
2026-07-25;14;2026-07;Sábado;Venta;AG03101;60;56;239;11;27;3083
2026-07-25;15;2026-07;Sábado;SAC;AG01201;60;54;1681;158;293;1108
2026-07-25;15;2026-07;Sábado;PQRS;AG02201;60;57;1336;84;195;1805
2026-07-25;15;2026-07;Sábado;Venta;AG03201;60;48;609;27;64;2180
2026-07-25;16;2026-07;Sábado;SAC;AG01201;60;52;2376;226;419;99
2026-07-25;16;2026-07;Sábado;PQRS;AG02201;60;56;1852;76;166;1266
2026-07-25;16;2026-07;Sábado;Venta;AG03201;60;53;459;22;34;2665
2026-07-25;17;2026-07;Sábado;SAC;AG01201;60;56;3198;224;522;101
2026-07-25;17;2026-07;Sábado;PQRS;AG02201;60;54;2086;17;124;1013
2026-07-25;17;2026-07;Sábado;Venta;AG03201;60;58;1113;10;63;2294
2026-07-25;18;2026-07;Sábado;SAC;AG01201;60;58;1554;64;244;1618
2026-07-25;18;2026-07;Sábado;PQRS;AG02201;60;57;5415;69;369;103
2026-07-25;18;2026-07;Sábado;Venta;AG03201;60;54;1393;73;118;1656
2026-07-25;19;2026-07;Sábado;SAC;AG01201;60;49;2821;191;579;88
2026-07-25;19;2026-07;Sábado;PQRS;AG02201;60;54;3468;144;356;97
2026-07-25;19;2026-07;Sábado;Venta;AG03201;60;58;0;0;0;3480
2026-07-25;20;2026-07;Sábado;SAC;AG01201;60;57;3779;178;542;103
2026-07-25;20;2026-07;Sábado;PQRS;AG02201;60;55;4286;207;249;99
2026-07-25;20;2026-07;Sábado;Venta;AG03201;60;56;619;0;26;2715
2026-07-25;21;2026-07;Sábado;SAC;AG01201;60;54;1941;88;306;905
2026-07-25;21;2026-07;Sábado;PQRS;AG02201;60;52;2858;92;283;94
2026-07-25;22;2026-07;Sábado;SAC;AG01201;60;56;1017;0;195;2148
2026-07-25;22;2026-07;Sábado;PQRS;AG02201;60;55;403;0;72;2825
2026-07-26;7;2026-07;Domingo;SAC;AG01101;60;53;643;0;111;2426
2026-07-26;7;2026-07;Domingo;PQRS;AG02101;60;55;576;85;62;2577
2026-07-26;8;2026-07;Domingo;SAC;AG01101;60;55;1021;0;108;2171
2026-07-26;8;2026-07;Domingo;PQRS;AG02101;60;48;596;0;54;2230
2026-07-26;9;2026-07;Domingo;SAC;AG01101;60;49;1019;248;204;1469
2026-07-26;9;2026-07;Domingo;PQRS;AG02101;60;51;2984;98;246;92
2026-07-26;9;2026-07;Domingo;Venta;AG03101;60;57;283;27;24;3086
2026-07-26;10;2026-07;Domingo;SAC;AG01101;60;55;1850;190;412;848
2026-07-26;10;2026-07;Domingo;PQRS;AG02101;60;51;2760;273;313;92
2026-07-26;10;2026-07;Domingo;Venta;AG03101;60;60;524;85;36;2955
2026-07-26;11;2026-07;Domingo;SAC;AG01101;60;52;1259;85;151;1625
2026-07-26;11;2026-07;Domingo;PQRS;AG02101;60;59;3800;203;365;106
2026-07-26;11;2026-07;Domingo;Venta;AG03101;60;55;459;0;25;2816
2026-07-26;12;2026-07;Domingo;SAC;AG01101;60;56;2079;133;357;791
2026-07-26;12;2026-07;Domingo;PQRS;AG02101;60;56;2138;0;215;1007
2026-07-26;12;2026-07;Domingo;Venta;AG03101;60;58;238;0;20;3222
2026-07-26;13;2026-07;Domingo;SAC;AG01101;60;54;1373;79;259;1529
2026-07-26;13;2026-07;Domingo;PQRS;AG02101;60;55;1767;33;159;1341
2026-07-26;13;2026-07;Domingo;Venta;AG03101;60;56;0;0;0;3360
2026-07-26;14;2026-07;Domingo;SAC;AG01101;60;57;2594;414;330;103
2026-07-26;14;2026-07;Domingo;PQRS;AG02101;60;58;1963;67;205;1245
2026-07-26;14;2026-07;Domingo;Venta;AG03101;60;54;0;0;0;3240
2026-07-26;15;2026-07;Domingo;SAC;AG01201;60;54;1613;209;196;1222
2026-07-26;15;2026-07;Domingo;PQRS;AG02201;60;56;2509;96;312;443
2026-07-26;15;2026-07;Domingo;Venta;AG03201;60;55;1446;69;56;1729
2026-07-26;16;2026-07;Domingo;SAC;AG01201;60;52;1615;145;284;1076
2026-07-26;16;2026-07;Domingo;PQRS;AG02201;60;58;2174;0;179;1127
2026-07-26;16;2026-07;Domingo;Venta;AG03201;60;56;331;16;50;2963
2026-07-26;17;2026-07;Domingo;SAC;AG01201;60;53;581;58;114;2427
2026-07-26;17;2026-07;Domingo;PQRS;AG02201;60;46;3281;27;268;83
2026-07-26;17;2026-07;Domingo;Venta;AG03201;60;56;436;0;75;2849
2026-07-26;18;2026-07;Domingo;SAC;AG01201;60;58;1713;108;243;1416
2026-07-26;18;2026-07;Domingo;PQRS;AG02201;60;52;2724;114;309;94
2026-07-26;18;2026-07;Domingo;Venta;AG03201;60;57;1759;0;106;1555
2026-07-26;19;2026-07;Domingo;SAC;AG01201;60;52;1369;152;265;1334
2026-07-26;19;2026-07;Domingo;PQRS;AG02201;60;52;2663;90;234;133
2026-07-26;19;2026-07;Domingo;Venta;AG03201;60;57;548;0;83;2789
2026-07-26;20;2026-07;Domingo;SAC;AG01201;60;46;1334;157;273;996
2026-07-26;20;2026-07;Domingo;PQRS;AG02201;60;52;1896;91;178;955
2026-07-26;20;2026-07;Domingo;Venta;AG03201;60;56;212;0;27;3121
2026-07-26;21;2026-07;Domingo;SAC;AG01201;60;44;589;54;132;1865
2026-07-26;21;2026-07;Domingo;PQRS;AG02201;60;53;2633;50;206;291
2026-07-26;22;2026-07;Domingo;SAC;AG01201;60;53;425;16;81;2658
2026-07-26;22;2026-07;Domingo;PQRS;AG02201;60;52;582;21;79;2438
2026-07-27;7;2026-07;Lunes;SAC;AG01101;60;54;967;57;193;2023
2026-07-27;7;2026-07;Lunes;PQRS;AG02101;60;56;1003;0;115;2242
2026-07-27;8;2026-07;Lunes;SAC;AG01101;60;56;2597;0;293;470
2026-07-27;8;2026-07;Lunes;PQRS;AG02101;60;56;3752;94;291;101
2026-07-27;9;2026-07;Lunes;SAC;AG01101;60;54;3009;339;519;97
2026-07-27;9;2026-07;Lunes;PQRS;AG02101;60;50;2621;15;231;133
2026-07-27;9;2026-07;Lunes;Venta;AG03101;60;56;1000;120;108;2132
2026-07-27;10;2026-07;Lunes;SAC;AG01101;60;53;3490;280;608;95
2026-07-27;10;2026-07;Lunes;PQRS;AG02101;60;57;4009;351;389;103
2026-07-27;10;2026-07;Lunes;PQRS;AG02102;60;51;2751;87;164;92
2026-07-27;10;2026-07;Lunes;Venta;AG03101;60;51;2006;0;159;895
2026-07-27;11;2026-07;Lunes;SAC;AG01101;60;54;3403;189;602;97
2026-07-27;11;2026-07;Lunes;PQRS;AG02101;60;55;3111;264;276;99
2026-07-27;11;2026-07;Lunes;PQRS;AG02102;60;56;4095;86;258;101
2026-07-27;11;2026-07;Lunes;Venta;AG03101;60;54;1128;9;90;2013
2026-07-27;12;2026-07;Lunes;SAC;AG01101;60;56;3996;367;563;101
2026-07-27;12;2026-07;Lunes;PQRS;AG02101;60;52;3619;96;307;94
2026-07-27;12;2026-07;Lunes;PQRS;AG02102;60;56;4538;195;374;101
2026-07-27;12;2026-07;Lunes;Venta;AG03101;60;58;2999;50;199;232
2026-07-27;13;2026-07;Lunes;SAC;AG01101;60;52;4112;425;537;94
2026-07-27;13;2026-07;Lunes;PQRS;AG02101;60;57;2268;119;197;836
2026-07-27;13;2026-07;Lunes;PQRS;AG02102;60;55;2089;114;200;897
2026-07-27;13;2026-07;Lunes;Venta;AG03101;60;55;691;0;49;2560
2026-07-27;14;2026-07;Lunes;SAC;AG01101;60;56;2577;116;576;101
2026-07-27;14;2026-07;Lunes;PQRS;AG02101;60;55;5336;353;458;99
2026-07-27;14;2026-07;Lunes;Venta;AG03101;60;54;586;0;37;2617
2026-07-27;15;2026-07;Lunes;SAC;AG01201;60;58;1888;52;316;1224
2026-07-27;15;2026-07;Lunes;PQRS;AG02201;60;53;5857;310;557;95
2026-07-27;15;2026-07;Lunes;Venta;AG03201;60;51;1335;169;149;1407
2026-07-27;16;2026-07;Lunes;SAC;AG01201;60;53;2012;164;358;646
2026-07-27;16;2026-07;Lunes;PQRS;AG02201;60;49;4239;244;443;88
2026-07-27;16;2026-07;Lunes;Venta;AG03201;60;53;433;66;66;2615
2026-07-27;17;2026-07;Lunes;SAC;AG01201;60;55;2906;509;629;99
2026-07-27;17;2026-07;Lunes;PQRS;AG02201;60;58;4939;22;442;104
2026-07-27;17;2026-07;Lunes;Venta;AG03201;60;53;2099;143;163;775
2026-07-27;18;2026-07;Lunes;SAC;AG01201;60;48;1989;85;394;412
2026-07-27;18;2026-07;Lunes;PQRS;AG02201;60;56;4125;143;313;101
2026-07-27;18;2026-07;Lunes;PQRS;AG02202;60;47;1976;69;219;556
2026-07-27;18;2026-07;Lunes;Venta;AG03201;60;57;2181;0;118;1121
2026-07-27;19;2026-07;Lunes;SAC;AG01201;60;59;3111;292;463;106
2026-07-27;19;2026-07;Lunes;PQRS;AG02201;60;56;2813;229;361;101
2026-07-27;19;2026-07;Lunes;PQRS;AG02202;60;56;5152;156;394;101
2026-07-27;19;2026-07;Lunes;Venta;AG03201;60;55;639;0;80;2581
2026-07-27;20;2026-07;Lunes;SAC;AG01201;60;56;3736;422;576;101
2026-07-27;20;2026-07;Lunes;PQRS;AG02201;60;58;4480;193;287;104
2026-07-27;20;2026-07;Lunes;Venta;AG03201;60;58;1602;197;154;1527
2026-07-27;21;2026-07;Lunes;SAC;AG01201;60;55;3445;395;687;99
2026-07-27;21;2026-07;Lunes;PQRS;AG02201;60;52;4272;226;348;94
2026-07-27;22;2026-07;Lunes;SAC;AG01201;60;58;2772;284;411;104
2026-07-27;22;2026-07;Lunes;PQRS;AG02201;60;55;709;38;109;2444
2026-07-28;7;2026-07;Martes;SAC;AG01101;60;51;1341;113;221;1385
2026-07-28;7;2026-07;Martes;PQRS;AG02101;60;56;845;0;103;2412
2026-07-28;8;2026-07;Martes;SAC;AG01101;60;53;2397;247;320;216
2026-07-28;8;2026-07;Martes;PQRS;AG02101;60;59;2762;72;275;431
2026-07-28;9;2026-07;Martes;SAC;AG01101;60;47;1550;106;363;801
2026-07-28;9;2026-07;Martes;PQRS;AG02101;60;57;4090;179;549;103
2026-07-28;9;2026-07;Martes;Venta;AG03101;60;52;1208;129;88;1695
2026-07-28;10;2026-07;Martes;SAC;AG01101;60;58;5182;158;578;104
2026-07-28;10;2026-07;Martes;PQRS;AG02101;60;56;5189;115;423;101
2026-07-28;10;2026-07;Martes;Venta;AG03101;60;58;659;160;85;2576
2026-07-28;11;2026-07;Martes;SAC;AG01101;60;57;3196;145;447;103
2026-07-28;11;2026-07;Martes;PQRS;AG02101;60;57;1729;166;102;1423
2026-07-28;11;2026-07;Martes;PQRS;AG02102;60;56;3890;120;248;101
2026-07-28;11;2026-07;Martes;Venta;AG03101;60;53;2032;103;157;888
2026-07-28;12;2026-07;Martes;SAC;AG01101;60;52;3550;95;527;94
2026-07-28;12;2026-07;Martes;PQRS;AG02101;60;55;3417;133;298;99
2026-07-28;12;2026-07;Martes;PQRS;AG02102;60;58;3201;81;212;104
2026-07-28;12;2026-07;Martes;Venta;AG03101;60;59;1596;117;105;1722
2026-07-28;13;2026-07;Martes;SAC;AG01101;60;57;2798;304;522;103
2026-07-28;13;2026-07;Martes;PQRS;AG02101;60;54;3366;151;343;97
2026-07-28;13;2026-07;Martes;Venta;AG03101;60;56;1145;50;100;2065
2026-07-28;14;2026-07;Martes;SAC;AG01101;60;56;2754;277;386;101
2026-07-28;14;2026-07;Martes;PQRS;AG02101;60;55;2796;123;322;99
2026-07-28;14;2026-07;Martes;Venta;AG03101;60;57;1031;46;134;2209
2026-07-28;15;2026-07;Martes;SAC;AG01201;60;52;2695;94;441;94
2026-07-28;15;2026-07;Martes;PQRS;AG02201;60;57;1651;97;203;1469
2026-07-28;15;2026-07;Martes;Venta;AG03201;60;56;1522;184;122;1532
2026-07-28;16;2026-07;Martes;SAC;AG01201;60;56;1633;90;310;1327
2026-07-28;16;2026-07;Martes;PQRS;AG02201;60;56;5501;164;379;101
2026-07-28;16;2026-07;Martes;Venta;AG03201;60;55;400;0;37;2863
2026-07-28;17;2026-07;Martes;SAC;AG01201;60;54;2472;129;404;235
2026-07-28;17;2026-07;Martes;PQRS;AG02201;60;56;6759;197;610;101
2026-07-28;17;2026-07;Martes;Venta;AG03201;60;56;1459;0;114;1787
2026-07-28;18;2026-07;Martes;SAC;AG01201;60;52;2512;145;439;94
2026-07-28;18;2026-07;Martes;PQRS;AG02201;60;58;3819;233;425;104
2026-07-28;18;2026-07;Martes;Venta;AG03201;60;57;1698;53;128;1541
2026-07-28;19;2026-07;Martes;SAC;AG01201;60;57;2965;295;429;103
2026-07-28;19;2026-07;Martes;PQRS;AG02201;60;55;3492;125;300;99
2026-07-28;19;2026-07;Martes;Venta;AG03201;60;55;272;28;52;2948
2026-07-28;20;2026-07;Martes;SAC;AG01201;60;52;3080;124;517;94
2026-07-28;20;2026-07;Martes;PQRS;AG02201;60;56;3356;205;411;101
2026-07-28;20;2026-07;Martes;Venta;AG03201;60;55;909;0;97;2294
2026-07-28;21;2026-07;Martes;SAC;AG01201;60;58;3349;366;412;104
2026-07-28;21;2026-07;Martes;PQRS;AG02201;60;54;2298;145;248;549
2026-07-28;22;2026-07;Martes;SAC;AG01201;60;58;2190;46;219;1025
2026-07-28;22;2026-07;Martes;PQRS;AG02201;60;53;2193;41;167;779
2026-07-29;7;2026-07;Miércoles;SAC;AG01101;60;51;799;42;134;2085
2026-07-29;7;2026-07;Miércoles;PQRS;AG02101;60;57;732;142;110;2436
2026-07-29;8;2026-07;Miércoles;SAC;AG01101;60;55;1728;52;299;1221
2026-07-29;8;2026-07;Miércoles;PQRS;AG02101;60;55;2392;182;233;493
2026-07-29;9;2026-07;Miércoles;SAC;AG01101;60;57;2886;245;405;103
2026-07-29;9;2026-07;Miércoles;PQRS;AG02101;60;53;5967;102;393;95
2026-07-29;9;2026-07;Miércoles;Venta;AG03101;60;58;1113;7;120;2240
2026-07-29;10;2026-07;Miércoles;SAC;AG01101;60;52;3190;337;565;94
2026-07-29;10;2026-07;Miércoles;PQRS;AG02101;60;52;2784;19;173;144
2026-07-29;10;2026-07;Miércoles;Venta;AG03101;60;55;209;22;36;3033
2026-07-29;11;2026-07;Miércoles;SAC;AG01101;60;54;4029;410;637;97
2026-07-29;11;2026-07;Miércoles;PQRS;AG02101;60;58;3658;188;327;104
2026-07-29;11;2026-07;Miércoles;PQRS;AG02102;60;57;4181;190;313;103
2026-07-29;11;2026-07;Miércoles;Venta;AG03101;60;40;1630;26;93;651
2026-07-29;12;2026-07;Miércoles;SAC;AG01101;60;58;1492;141;417;1430
2026-07-29;12;2026-07;Miércoles;PQRS;AG02101;60;56;3524;22;297;101
2026-07-29;12;2026-07;Miércoles;PQRS;AG02102;60;55;3408;156;345;99
2026-07-29;12;2026-07;Miércoles;Venta;AG03101;60;51;278;0;33;2749
2026-07-29;13;2026-07;Miércoles;SAC;AG01101;60;52;5344;413;754;94
2026-07-29;13;2026-07;Miércoles;PQRS;AG02101;60;56;4560;231;440;101
2026-07-29;13;2026-07;Miércoles;Venta;AG03101;60;54;336;0;38;2866
2026-07-29;14;2026-07;Miércoles;SAC;AG01101;60;56;3502;144;521;101
2026-07-29;14;2026-07;Miércoles;PQRS;AG02101;60;55;3533;64;358;99
2026-07-29;14;2026-07;Miércoles;Venta;AG03101;60;51;130;0;34;2896
2026-07-29;15;2026-07;Miércoles;SAC;AG01201;60;48;3018;194;472;86
2026-07-29;15;2026-07;Miércoles;PQRS;AG02201;60;51;3256;0;242;92
2026-07-29;15;2026-07;Miércoles;Venta;AG03201;60;52;112;34;50;2924
2026-07-29;16;2026-07;Miércoles;SAC;AG01201;60;55;1228;88;163;1821
2026-07-29;16;2026-07;Miércoles;PQRS;AG02201;60;59;3643;318;303;106
2026-07-29;16;2026-07;Miércoles;Venta;AG03201;60;54;0;0;0;3240
2026-07-29;17;2026-07;Miércoles;SAC;AG01201;60;56;2703;152;432;101
2026-07-29;17;2026-07;Miércoles;PQRS;AG02201;60;58;3671;309;467;104
2026-07-29;17;2026-07;Miércoles;Venta;AG03201;60;58;0;0;0;3480
2026-07-29;18;2026-07;Miércoles;SAC;AG01201;60;53;3640;170;577;95
2026-07-29;18;2026-07;Miércoles;PQRS;AG02201;60;59;5340;86;424;106
2026-07-29;18;2026-07;Miércoles;Venta;AG03201;60;56;2808;191;196;165
2026-07-29;19;2026-07;Miércoles;SAC;AG01201;60;56;3872;287;491;101
2026-07-29;19;2026-07;Miércoles;PQRS;AG02201;60;58;5037;216;381;104
2026-07-29;19;2026-07;Miércoles;Venta;AG03201;60;59;2680;0;266;594
2026-07-29;20;2026-07;Miércoles;SAC;AG01201;60;51;2549;203;467;92
2026-07-29;20;2026-07;Miércoles;PQRS;AG02201;60;57;4569;379;401;103
2026-07-29;20;2026-07;Miércoles;Venta;AG03201;60;56;1640;99;121;1500
2026-07-29;21;2026-07;Miércoles;SAC;AG01201;60;56;1115;18;173;2054
2026-07-29;21;2026-07;Miércoles;PQRS;AG02201;60;52;1814;107;201;998
2026-07-29;22;2026-07;Miércoles;SAC;AG01201;60;59;1551;37;201;1751
2026-07-29;22;2026-07;Miércoles;PQRS;AG02201;60;56;1158;39;114;2049
2026-07-30;7;2026-07;Jueves;SAC;AG01101;60;47;2161;137;325;197
2026-07-30;7;2026-07;Jueves;PQRS;AG02101;60;55;347;0;35;2918
2026-07-30;8;2026-07;Jueves;SAC;AG01101;60;56;1948;72;259;1081
2026-07-30;8;2026-07;Jueves;PQRS;AG02101;60;57;694;86;89;2551
2026-07-30;9;2026-07;Jueves;SAC;AG01101;60;55;2840;242;512;99
2026-07-30;9;2026-07;Jueves;PQRS;AG02101;60;56;878;35;89;2358
2026-07-30;9;2026-07;Jueves;Venta;AG03101;60;54;1295;151;151;1643
2026-07-30;10;2026-07;Jueves;SAC;AG01101;60;56;2605;266;474;101
2026-07-30;10;2026-07;Jueves;PQRS;AG02101;60;57;4114;191;290;103
2026-07-30;10;2026-07;Jueves;Venta;AG03101;60;57;1306;81;85;1948
2026-07-30;11;2026-07;Jueves;SAC;AG01101;60;58;811;110;116;2443
2026-07-30;11;2026-07;Jueves;PQRS;AG02101;60;48;2743;236;267;86
2026-07-30;11;2026-07;Jueves;PQRS;AG02102;60;56;2498;73;290;499
2026-07-30;11;2026-07;Jueves;Venta;AG03101;60;51;967;25;63;2005
2026-07-30;12;2026-07;Jueves;SAC;AG01101;60;54;3471;339;632;97
2026-07-30;12;2026-07;Jueves;PQRS;AG02101;60;58;2144;35;240;1061
2026-07-30;12;2026-07;Jueves;PQRS;AG02102;60;55;2209;30;248;813
2026-07-30;12;2026-07;Jueves;Venta;AG03101;60;51;595;0;23;2442
2026-07-30;13;2026-07;Jueves;SAC;AG01101;60;54;3988;378;687;97
2026-07-30;13;2026-07;Jueves;PQRS;AG02101;60;58;3753;198;369;104
2026-07-30;13;2026-07;Jueves;Venta;AG03101;60;57;1424;168;130;1698
2026-07-30;14;2026-07;Jueves;SAC;AG01101;60;55;4428;244;662;99
2026-07-30;14;2026-07;Jueves;PQRS;AG02101;60;58;4658;232;325;104
2026-07-30;14;2026-07;Jueves;Venta;AG03101;60;57;0;0;0;3420
2026-07-30;15;2026-07;Jueves;SAC;AG01201;60;54;2676;327;374;97
2026-07-30;15;2026-07;Jueves;PQRS;AG02201;60;54;2428;172;251;389
2026-07-30;15;2026-07;Jueves;Venta;AG03201;60;51;548;90;66;2356
2026-07-30;16;2026-07;Jueves;SAC;AG01201;60;53;2074;151;315;640
2026-07-30;16;2026-07;Jueves;PQRS;AG02201;60;57;785;16;111;2508
2026-07-30;16;2026-07;Jueves;Venta;AG03201;60;56;1140;143;143;1934
2026-07-30;17;2026-07;Jueves;SAC;AG01201;60;54;2896;247;528;97
2026-07-30;17;2026-07;Jueves;PQRS;AG02201;60;54;4464;371;497;97
2026-07-30;17;2026-07;Jueves;Venta;AG03201;60;55;1430;0;91;1779
2026-07-30;18;2026-07;Jueves;SAC;AG01201;60;56;3482;325;639;101
2026-07-30;18;2026-07;Jueves;PQRS;AG02201;60;56;3685;239;479;101
2026-07-30;18;2026-07;Jueves;Venta;AG03201;60;59;1348;0;158;2034
2026-07-30;19;2026-07;Jueves;SAC;AG01201;60;58;2410;401;376;293
2026-07-30;19;2026-07;Jueves;PQRS;AG02201;60;57;2969;229;261;103
2026-07-30;19;2026-07;Jueves;Venta;AG03201;60;53;779;35;45;2321
2026-07-30;20;2026-07;Jueves;SAC;AG01201;60;57;2236;111;323;750
2026-07-30;20;2026-07;Jueves;PQRS;AG02201;60;54;2173;113;274;680
2026-07-30;20;2026-07;Jueves;Venta;AG03201;60;56;2105;185;162;908
2026-07-30;21;2026-07;Jueves;SAC;AG01201;60;56;3396;119;428;101
2026-07-30;21;2026-07;Jueves;PQRS;AG02201;60;57;3315;143;285;103
2026-07-30;22;2026-07;Jueves;SAC;AG01201;60;55;2289;73;277;661
2026-07-30;22;2026-07;Jueves;PQRS;AG02201;60;55;1906;40;141;1213
2026-07-31;7;2026-07;Viernes;SAC;AG01101;60;54;1123;178;213;1726
2026-07-31;7;2026-07;Viernes;PQRS;AG02101;60;54;397;0;22;2821
2026-07-31;8;2026-07;Viernes;SAC;AG01101;60;59;2758;74;327;381
2026-07-31;8;2026-07;Viernes;PQRS;AG02101;60;53;1950;37;189;1004
2026-07-31;9;2026-07;Viernes;SAC;AG01101;60;58;2874;225;449;104
2026-07-31;9;2026-07;Viernes;PQRS;AG02101;60;52;5427;60;438;94
2026-07-31;9;2026-07;Viernes;Venta;AG03101;60;53;241;0;25;2914
2026-07-31;10;2026-07;Viernes;SAC;AG01101;60;51;3338;140;540;92
2026-07-31;10;2026-07;Viernes;PQRS;AG02101;60;53;5613;290;365;95
2026-07-31;10;2026-07;Viernes;Venta;AG03101;60;58;1665;65;144;1606
2026-07-31;11;2026-07;Viernes;SAC;AG01101;60;58;3628;361;612;104
2026-07-31;11;2026-07;Viernes;PQRS;AG02101;60;55;2147;166;312;675
2026-07-31;11;2026-07;Viernes;PQRS;AG02102;60;57;2608;74;284;454
2026-07-31;11;2026-07;Viernes;Venta;AG03101;60;57;168;25;25;3202
2026-07-31;12;2026-07;Viernes;SAC;AG01101;60;55;3887;363;551;99
2026-07-31;12;2026-07;Viernes;PQRS;AG02101;60;55;1907;49;197;1147
2026-07-31;12;2026-07;Viernes;PQRS;AG02102;60;58;1987;94;191;1208
2026-07-31;12;2026-07;Viernes;Venta;AG03101;60;54;1140;55;59;1986
2026-07-31;13;2026-07;Viernes;SAC;AG01101;60;55;3609;295;637;99
2026-07-31;13;2026-07;Viernes;PQRS;AG02101;60;59;5359;310;450;106
2026-07-31;13;2026-07;Viernes;Venta;AG03101;60;57;1026;17;106;2271
2026-07-31;14;2026-07;Viernes;SAC;AG01101;60;56;1955;144;348;913
2026-07-31;14;2026-07;Viernes;PQRS;AG02101;60;58;2124;106;190;1060
2026-07-31;14;2026-07;Viernes;Venta;AG03101;60;54;841;27;25;2347
2026-07-31;15;2026-07;Viernes;SAC;AG01201;60;56;3863;322;744;101
2026-07-31;15;2026-07;Viernes;PQRS;AG02201;60;55;3088;144;226;99
2026-07-31;15;2026-07;Viernes;Venta;AG03201;60;57;0;0;0;3420
2026-07-31;16;2026-07;Viernes;SAC;AG01201;60;58;2520;299;381;280
2026-07-31;16;2026-07;Viernes;PQRS;AG02201;60;52;2781;99;314;94
2026-07-31;16;2026-07;Viernes;Venta;AG03201;60;54;1210;0;99;1931
2026-07-31;17;2026-07;Viernes;SAC;AG01201;60;54;2993;215;547;97
2026-07-31;17;2026-07;Viernes;PQRS;AG02201;60;57;4014;71;396;103
2026-07-31;17;2026-07;Viernes;Venta;AG03201;60;47;942;41;81;1756
2026-07-31;18;2026-07;Viernes;SAC;AG01201;60;54;4160;352;783;97
2026-07-31;18;2026-07;Viernes;PQRS;AG02201;60;57;4428;339;419;103
2026-07-31;18;2026-07;Viernes;Venta;AG03201;60;57;862;0;72;2486
2026-07-31;19;2026-07;Viernes;SAC;AG01201;60;55;3725;242;633;99
2026-07-31;19;2026-07;Viernes;PQRS;AG02201;60;52;4965;269;454;94
2026-07-31;19;2026-07;Viernes;Venta;AG03201;60;54;2581;311;263;97
2026-07-31;20;2026-07;Viernes;SAC;AG01201;60;57;2912;158;522;103
2026-07-31;20;2026-07;Viernes;PQRS;AG02201;60;57;4162;105;327;103
2026-07-31;20;2026-07;Viernes;Venta;AG03201;60;55;2913;26;172;189
2026-07-31;21;2026-07;Viernes;SAC;AG01201;60;52;4398;308;527;94
2026-07-31;21;2026-07;Viernes;PQRS;AG02201;60;51;2617;71;295;92
2026-07-31;22;2026-07;Viernes;SAC;AG01201;60;53;3259;43;394;95
2026-07-31;22;2026-07;Viernes;PQRS;AG02201;60;50;2477;141;254;128
2026-08-01;7;2026-08;Sábado;SAC;AG01101;60;51;1458;108;200;1294
2026-08-01;7;2026-08;Sábado;PQRS;AG02101;60;54;886;84;86;2184
2026-08-01;8;2026-08;Sábado;SAC;AG01101;60;53;2491;146;267;276
2026-08-01;8;2026-08;Sábado;PQRS;AG02101;60;52;1316;0;120;1684
2026-08-01;9;2026-08;Sábado;SAC;AG01101;60;49;935;209;191;1605
2026-08-01;9;2026-08;Sábado;PQRS;AG02101;60;53;5143;317;421;95
2026-08-01;9;2026-08;Sábado;Venta;AG03101;60;51;542;0;73;2445
2026-08-01;10;2026-08;Sábado;SAC;AG01101;60;52;3643;281;582;94
2026-08-01;10;2026-08;Sábado;PQRS;AG02101;60;56;3568;207;286;101
2026-08-01;10;2026-08;Sábado;Venta;AG03101;60;55;992;6;110;2192
2026-08-01;11;2026-08;Sábado;SAC;AG01101;60;52;2989;145;539;94
2026-08-01;11;2026-08;Sábado;PQRS;AG02101;60;54;4571;368;357;97
2026-08-01;11;2026-08;Sábado;Venta;AG03101;60;54;2285;97;103;755
2026-08-01;12;2026-08;Sábado;SAC;AG01101;60;55;3054;45;268;99
2026-08-01;12;2026-08;Sábado;PQRS;AG02101;60;52;5408;186;438;94
2026-08-01;12;2026-08;Sábado;Venta;AG03101;60;57;342;0;27;3051
2026-08-01;13;2026-08;Sábado;SAC;AG01101;60;53;2478;267;295;140
2026-08-01;13;2026-08;Sábado;PQRS;AG02101;60;50;1946;136;285;633
2026-08-01;13;2026-08;Sábado;Venta;AG03101;60;55;342;41;31;2886
2026-08-01;14;2026-08;Sábado;SAC;AG01101;60;50;1462;178;226;1134
2026-08-01;14;2026-08;Sábado;PQRS;AG02101;60;50;3843;194;347;90
2026-08-01;14;2026-08;Sábado;Venta;AG03101;60;48;1337;0;183;1360
2026-08-01;15;2026-08;Sábado;SAC;AG01201;60;49;1446;132;212;1150
2026-08-01;15;2026-08;Sábado;PQRS;AG02201;60;55;2635;221;219;225
2026-08-01;15;2026-08;Sábado;Venta;AG03201;60;54;345;0;28;2867
2026-08-01;16;2026-08;Sábado;SAC;AG01201;60;53;1394;128;226;1432
2026-08-01;16;2026-08;Sábado;PQRS;AG02201;60;51;2552;16;164;328
2026-08-01;16;2026-08;Sábado;Venta;AG03201;60;53;724;138;75;2243
2026-08-01;17;2026-08;Sábado;SAC;AG01201;60;53;2167;214;331;468
2026-08-01;17;2026-08;Sábado;PQRS;AG02201;60;54;4248;88;447;97
2026-08-01;17;2026-08;Sábado;Venta;AG03201;60;42;1327;26;66;1101
2026-08-01;18;2026-08;Sábado;SAC;AG01201;60;54;1888;136;278;938
2026-08-01;18;2026-08;Sábado;PQRS;AG02201;60;53;6375;43;431;95
2026-08-01;18;2026-08;Sábado;Venta;AG03201;60;48;558;0;60;2262
2026-08-01;19;2026-08;Sábado;SAC;AG01201;60;49;4239;166;678;88
2026-08-01;19;2026-08;Sábado;PQRS;AG02201;60;45;6090;273;490;81
2026-08-01;19;2026-08;Sábado;Venta;AG03201;60;44;965;52;115;1508
2026-08-01;20;2026-08;Sábado;SAC;AG01201;60;55;3117;247;428;99
2026-08-01;20;2026-08;Sábado;PQRS;AG02201;60;53;3959;529;348;95
2026-08-01;20;2026-08;Sábado;Venta;AG03201;60;57;0;0;0;3420
2026-08-01;21;2026-08;Sábado;SAC;AG01201;60;54;1046;64;139;1991
2026-08-01;21;2026-08;Sábado;PQRS;AG02201;60;49;2569;113;235;88
2026-08-01;22;2026-08;Sábado;SAC;AG01201;60;56;1807;90;233;1230
2026-08-01;22;2026-08;Sábado;PQRS;AG02201;60;52;319;0;46;2755
2026-08-02;7;2026-08;Domingo;SAC;AG01101;60;52;570;0;74;2476
2026-08-02;7;2026-08;Domingo;PQRS;AG02101;60;46;1362;0;79;1319
2026-08-02;8;2026-08;Domingo;SAC;AG01101;60;54;1541;27;174;1498
2026-08-02;8;2026-08;Domingo;PQRS;AG02101;60;51;787;73;93;2107
2026-08-02;9;2026-08;Domingo;SAC;AG01101;60;41;1590;230;244;396
2026-08-02;9;2026-08;Domingo;PQRS;AG02101;60;55;1927;103;167;1103
2026-08-02;9;2026-08;Domingo;Venta;AG03101;60;49;1062;66;100;1712
2026-08-02;10;2026-08;Domingo;SAC;AG01101;60;55;1486;209;293;1312
2026-08-02;10;2026-08;Domingo;PQRS;AG02101;60;54;4122;248;372;97
2026-08-02;10;2026-08;Domingo;Venta;AG03101;60;52;0;0;0;3120
2026-08-02;11;2026-08;Domingo;SAC;AG01101;60;47;1348;37;205;1230
2026-08-02;11;2026-08;Domingo;PQRS;AG02101;60;49;1180;0;124;1636
2026-08-02;11;2026-08;Domingo;Venta;AG03101;60;52;487;0;39;2594
2026-08-02;12;2026-08;Domingo;SAC;AG01101;60;55;2071;113;249;867
2026-08-02;12;2026-08;Domingo;PQRS;AG02101;60;50;2969;125;299;90
2026-08-02;12;2026-08;Domingo;Venta;AG03101;60;52;1115;0;51;1954
2026-08-02;13;2026-08;Domingo;SAC;AG01101;60;48;1172;17;194;1497
2026-08-02;13;2026-08;Domingo;PQRS;AG02101;60;54;1422;25;178;1615
2026-08-02;13;2026-08;Domingo;Venta;AG03101;60;50;408;94;43;2455
2026-08-02;14;2026-08;Domingo;SAC;AG01101;60;55;2182;158;304;656
2026-08-02;14;2026-08;Domingo;PQRS;AG02101;60;56;4642;193;356;101
2026-08-02;14;2026-08;Domingo;Venta;AG03101;60;52;762;0;60;2298
2026-08-02;15;2026-08;Domingo;SAC;AG01201;60;51;1679;47;300;1034
2026-08-02;15;2026-08;Domingo;PQRS;AG02201;60;47;1127;77;89;1527
2026-08-02;15;2026-08;Domingo;Venta;AG03201;60;50;0;0;0;3000
2026-08-02;16;2026-08;Domingo;SAC;AG01201;60;47;796;18;172;1834
2026-08-02;16;2026-08;Domingo;PQRS;AG02201;60;52;3129;52;321;94
2026-08-02;16;2026-08;Domingo;Venta;AG03201;60;53;1304;86;122;1668
2026-08-02;17;2026-08;Domingo;SAC;AG01201;60;54;1724;60;191;1265
2026-08-02;17;2026-08;Domingo;PQRS;AG02201;60;47;625;6;110;2079
2026-08-02;17;2026-08;Domingo;Venta;AG03201;60;54;845;14;94;2287
2026-08-02;18;2026-08;Domingo;SAC;AG01201;60;46;2745;214;390;83
2026-08-02;18;2026-08;Domingo;PQRS;AG02201;60;50;1660;71;152;1117
2026-08-02;18;2026-08;Domingo;Venta;AG03201;60;51;303;0;28;2729
2026-08-02;19;2026-08;Domingo;SAC;AG01201;60;54;1824;244;299;873
2026-08-02;19;2026-08;Domingo;PQRS;AG02201;60;53;1474;111;98;1497
2026-08-02;19;2026-08;Domingo;Venta;AG03201;60;53;0;0;0;3180
2026-08-02;20;2026-08;Domingo;SAC;AG01201;60;54;978;58;276;1928
2026-08-02;20;2026-08;Domingo;PQRS;AG02201;60;49;2690;85;308;88
2026-08-02;20;2026-08;Domingo;Venta;AG03201;60;51;680;65;46;2269
2026-08-02;21;2026-08;Domingo;SAC;AG01201;60;48;1297;0;104;1479
2026-08-02;21;2026-08;Domingo;PQRS;AG02201;60;47;2795;110;245;85
2026-08-02;22;2026-08;Domingo;SAC;AG01201;60;55;572;38;150;2540
2026-08-02;22;2026-08;Domingo;PQRS;AG02201;60;56;1099;23;103;2135
2026-08-03;7;2026-08;Lunes;SAC;AG01101;60;55;1902;216;290;892
2026-08-03;7;2026-08;Lunes;PQRS;AG02101;60;54;262;43;9;2926
2026-08-03;8;2026-08;Lunes;SAC;AG01101;60;49;1762;0;323;855
2026-08-03;8;2026-08;Lunes;PQRS;AG02101;60;53;2577;43;187;373
2026-08-03;9;2026-08;Lunes;SAC;AG01101;60;56;2274;190;442;454
2026-08-03;9;2026-08;Lunes;PQRS;AG02101;60;54;5667;83;449;97
2026-08-03;9;2026-08;Lunes;Venta;AG03101;60;51;1846;229;150;835
2026-08-03;10;2026-08;Lunes;SAC;AG01101;60;49;1361;132;276;1171
2026-08-03;10;2026-08;Lunes;PQRS;AG02101;60;49;7265;159;648;88
2026-08-03;10;2026-08;Lunes;Venta;AG03101;60;40;1213;54;114;1019
2026-08-03;11;2026-08;Lunes;SAC;AG01101;60;55;3813;522;561;99
2026-08-03;11;2026-08;Lunes;PQRS;AG02101;60;52;2839;145;316;94
2026-08-03;11;2026-08;Lunes;PQRS;AG02102;60;53;3015;109;182;95
2026-08-03;11;2026-08;Lunes;Venta;AG03101;60;52;1873;58;165;1024
2026-08-03;12;2026-08;Lunes;SAC;AG01101;60;51;3611;411;700;92
2026-08-03;12;2026-08;Lunes;PQRS;AG02101;60;52;1731;58;260;1071
2026-08-03;12;2026-08;Lunes;PQRS;AG02102;60;57;3505;216;267;103
2026-08-03;12;2026-08;Lunes;Venta;AG03101;60;51;921;0;26;2113
2026-08-03;13;2026-08;Lunes;SAC;AG01101;60;54;3675;171;578;97
2026-08-03;13;2026-08;Lunes;PQRS;AG02101;60;52;4223;18;390;94
2026-08-03;13;2026-08;Lunes;Venta;AG03101;60;48;1901;168;114;697
2026-08-03;14;2026-08;Lunes;SAC;AG01101;60;53;3775;262;523;95
2026-08-03;14;2026-08;Lunes;PQRS;AG02101;60;54;4693;330;414;97
2026-08-03;14;2026-08;Lunes;Venta;AG03101;60;53;717;117;76;2270
2026-08-03;15;2026-08;Lunes;SAC;AG01201;60;53;2618;205;403;95
2026-08-03;15;2026-08;Lunes;PQRS;AG02201;60;53;5793;459;498;95
2026-08-03;15;2026-08;Lunes;Venta;AG03201;60;56;0;0;0;3360
2026-08-03;16;2026-08;Lunes;SAC;AG01201;60;57;1384;109;309;1618
2026-08-03;16;2026-08;Lunes;PQRS;AG02201;60;55;6691;260;598;99
2026-08-03;16;2026-08;Lunes;Venta;AG03201;60;55;2011;66;154;1069
2026-08-03;17;2026-08;Lunes;SAC;AG01201;60;53;2130;99;406;545
2026-08-03;17;2026-08;Lunes;PQRS;AG02201;60;51;4387;135;463;92
2026-08-03;17;2026-08;Lunes;Venta;AG03201;60;53;2325;81;136;638
2026-08-03;18;2026-08;Lunes;SAC;AG01201;60;50;4795;348;695;90
2026-08-03;18;2026-08;Lunes;PQRS;AG02201;60;53;4574;168;387;95
2026-08-03;18;2026-08;Lunes;Venta;AG03201;60;50;1839;50;141;970
2026-08-03;19;2026-08;Lunes;SAC;AG01201;60;55;4468;303;566;99
2026-08-03;19;2026-08;Lunes;PQRS;AG02201;60;51;4617;251;480;92
2026-08-03;19;2026-08;Lunes;Venta;AG03201;60;54;799;0;30;2411
2026-08-03;20;2026-08;Lunes;SAC;AG01201;60;53;4114;347;642;95
2026-08-03;20;2026-08;Lunes;PQRS;AG02201;60;57;5402;195;441;103
2026-08-03;20;2026-08;Lunes;Venta;AG03201;60;52;2389;113;210;408
2026-08-03;21;2026-08;Lunes;SAC;AG01201;60;48;3048;132;540;86
2026-08-03;21;2026-08;Lunes;PQRS;AG02201;60;53;5042;255;350;95
2026-08-03;22;2026-08;Lunes;SAC;AG01201;60;51;580;61;135;2284
2026-08-03;22;2026-08;Lunes;PQRS;AG02201;60;53;903;92;115;2070
2026-08-04;7;2026-08;Martes;SAC;AG01101;60;51;2226;273;415;146
2026-08-04;7;2026-08;Martes;PQRS;AG02101;60;47;1564;73;118;1065
2026-08-04;8;2026-08;Martes;SAC;AG01101;60;54;5079;223;629;97
2026-08-04;8;2026-08;Martes;PQRS;AG02101;60;51;1274;46;123;1617
2026-08-04;9;2026-08;Martes;SAC;AG01101;60;50;4091;470;643;90
2026-08-04;9;2026-08;Martes;PQRS;AG02101;60;56;5687;215;517;101
2026-08-04;9;2026-08;Martes;Venta;AG03101;60;50;728;0;76;2196
2026-08-04;10;2026-08;Martes;SAC;AG01101;60;56;5107;477;819;101
2026-08-04;10;2026-08;Martes;PQRS;AG02101;60;46;7628;464;725;83
2026-08-04;10;2026-08;Martes;Venta;AG03101;60;50;3225;164;229;90
2026-08-04;11;2026-08;Martes;SAC;AG01101;60;52;8051;487;1247;94
2026-08-04;11;2026-08;Martes;PQRS;AG02101;60;53;3742;93;415;95
2026-08-04;11;2026-08;Martes;PQRS;AG02102;60;53;3100;30;225;95
2026-08-04;11;2026-08;Martes;Venta;AG03101;60;56;2672;15;194;479
2026-08-04;12;2026-08;Martes;SAC;AG01101;60;48;6784;593;950;86
2026-08-04;12;2026-08;Martes;PQRS;AG02101;60;58;8493;493;738;104
2026-08-04;12;2026-08;Martes;PQRS;AG02102;60;44;4586;261;484;79
2026-08-04;12;2026-08;Martes;Venta;AG03101;60;49;2604;140;229;88
2026-08-04;13;2026-08;Martes;SAC;AG01101;60;48;6384;328;963;86
2026-08-04;13;2026-08;Martes;PQRS;AG02101;60;51;11957;471;944;92
2026-08-04;13;2026-08;Martes;Venta;AG03101;60;56;3078;211;163;101
2026-08-04;14;2026-08;Martes;SAC;AG01101;60;46;4566;426;669;83
2026-08-04;14;2026-08;Martes;PQRS;AG02101;60;58;8558;304;655;104
2026-08-04;14;2026-08;Martes;Venta;AG03101;60;46;1668;68;149;875
2026-08-04;15;2026-08;Martes;SAC;AG01201;60;58;7181;459;973;104
2026-08-04;15;2026-08;Martes;PQRS;AG02201;60;45;4986;108;540;81
2026-08-04;15;2026-08;Martes;Venta;AG03201;60;55;2153;213;249;685
2026-08-04;16;2026-08;Martes;SAC;AG01201;60;53;3866;214;681;95
2026-08-04;16;2026-08;Martes;PQRS;AG02201;60;50;8106;278;684;90
2026-08-04;16;2026-08;Martes;Venta;AG03201;60;52;932;23;58;2107
2026-08-04;17;2026-08;Martes;SAC;AG01201;60;51;4584;438;752;92
2026-08-04;17;2026-08;Martes;PQRS;AG02201;60;52;5242;204;450;94
2026-08-04;17;2026-08;Martes;Venta;AG03201;60;54;1628;0;143;1469
2026-08-04;18;2026-08;Martes;SAC;AG01201;60;51;4784;403;936;92
2026-08-04;18;2026-08;Martes;PQRS;AG02201;60;52;6855;306;692;94
2026-08-04;18;2026-08;Martes;Venta;AG03201;60;52;3751;192;210;94
2026-08-04;19;2026-08;Martes;SAC;AG01201;60;52;6636;504;928;94
2026-08-04;19;2026-08;Martes;PQRS;AG02201;60;50;4376;247;427;90
2026-08-04;19;2026-08;Martes;Venta;AG03201;60;54;3980;170;242;97
2026-08-04;20;2026-08;Martes;SAC;AG01201;60;50;7227;445;1025;90
2026-08-04;20;2026-08;Martes;PQRS;AG02201;60;53;7549;156;490;95
2026-08-04;20;2026-08;Martes;Venta;AG03201;60;56;1726;128;114;1392
2026-08-04;21;2026-08;Martes;SAC;AG01201;60;50;4240;270;510;90
2026-08-04;21;2026-08;Martes;PQRS;AG02201;60;55;5834;241;424;99
2026-08-04;22;2026-08;Martes;SAC;AG01201;60;55;2486;124;254;436
2026-08-04;22;2026-08;Martes;PQRS;AG02201;60;49;1514;169;139;1118
2026-08-05;7;2026-08;Miércoles;SAC;AG01101;60;52;1286;61;208;1565
2026-08-05;7;2026-08;Miércoles;PQRS;AG02101;60;56;1595;0;100;1665
2026-08-05;8;2026-08;Miércoles;SAC;AG01101;60;53;2489;306;263;122
2026-08-05;8;2026-08;Miércoles;PQRS;AG02101;60;54;4105;29;325;97
2026-08-05;9;2026-08;Miércoles;SAC;AG01101;60;54;3218;330;575;97
2026-08-05;9;2026-08;Miércoles;PQRS;AG02101;60;56;4783;176;339;101
2026-08-05;9;2026-08;Miércoles;Venta;AG03101;60;51;1192;35;96;1737
2026-08-05;10;2026-08;Miércoles;SAC;AG01101;60;55;4157;326;693;99
2026-08-05;10;2026-08;Miércoles;PQRS;AG02101;60;49;3976;162;394;88
2026-08-05;10;2026-08;Miércoles;Venta;AG03101;60;49;1612;87;106;1135
2026-08-05;11;2026-08;Miércoles;SAC;AG01101;60;50;5114;314;802;90
2026-08-05;11;2026-08;Miércoles;PQRS;AG02101;60;54;7413;302;596;97
2026-08-05;11;2026-08;Miércoles;Venta;AG03101;60;48;2532;83;271;86
2026-08-05;12;2026-08;Miércoles;SAC;AG01101;60;57;5381;440;818;103
2026-08-05;12;2026-08;Miércoles;PQRS;AG02101;60;52;7469;409;799;94
2026-08-05;12;2026-08;Miércoles;Venta;AG03101;60;52;4551;117;329;94
2026-08-05;13;2026-08;Miércoles;SAC;AG01101;60;50;3548;158;450;90
2026-08-05;13;2026-08;Miércoles;PQRS;AG02101;60;53;7133;494;628;95
2026-08-05;13;2026-08;Miércoles;Venta;AG03101;60;45;813;92;100;1695
2026-08-05;14;2026-08;Miércoles;SAC;AG01101;60;47;6975;380;821;85
2026-08-05;14;2026-08;Miércoles;PQRS;AG02101;60;56;3552;85;320;101
2026-08-05;14;2026-08;Miércoles;Venta;AG03101;60;53;1422;18;105;1635
2026-08-05;15;2026-08;Miércoles;SAC;AG01201;60;52;2687;339;506;94
2026-08-05;15;2026-08;Miércoles;PQRS;AG02201;60;51;4146;129;363;92
2026-08-05;15;2026-08;Miércoles;Venta;AG03201;60;54;1852;16;191;1181
2026-08-05;16;2026-08;Miércoles;SAC;AG01201;60;55;3971;113;529;99
2026-08-05;16;2026-08;Miércoles;PQRS;AG02201;60;49;4378;250;509;88
2026-08-05;16;2026-08;Miércoles;Venta;AG03201;60;53;1299;111;139;1631
2026-08-05;17;2026-08;Miércoles;SAC;AG01201;60;52;3529;256;582;94
2026-08-05;17;2026-08;Miércoles;PQRS;AG02201;60;54;5350;40;441;97
2026-08-05;17;2026-08;Miércoles;Venta;AG03201;60;55;946;82;66;2206
2026-08-05;18;2026-08;Miércoles;SAC;AG01201;60;49;3618;454;648;88
2026-08-05;18;2026-08;Miércoles;PQRS;AG02201;60;51;6498;241;500;92
2026-08-05;18;2026-08;Miércoles;Venta;AG03201;60;50;2449;130;123;298
2026-08-05;19;2026-08;Miércoles;SAC;AG01201;60;56;4466;115;555;101
2026-08-05;19;2026-08;Miércoles;PQRS;AG02201;60;53;6499;201;644;95
2026-08-05;19;2026-08;Miércoles;Venta;AG03201;60;54;1592;66;132;1450
2026-08-05;20;2026-08;Miércoles;SAC;AG01201;60;54;3358;255;608;97
2026-08-05;20;2026-08;Miércoles;PQRS;AG02201;60;47;1779;175;203;663
2026-08-05;20;2026-08;Miércoles;Venta;AG03201;60;44;922;90;101;1527
2026-08-05;21;2026-08;Miércoles;SAC;AG01201;60;50;3730;131;457;90
2026-08-05;21;2026-08;Miércoles;PQRS;AG02201;60;53;4934;198;390;95
2026-08-05;22;2026-08;Miércoles;SAC;AG01201;60;53;2288;108;258;526
2026-08-05;22;2026-08;Miércoles;PQRS;AG02201;60;53;2767;193;282;95
2026-08-06;7;2026-08;Jueves;SAC;AG01101;60;57;1447;0;216;1757
2026-08-06;7;2026-08;Jueves;PQRS;AG02101;60;50;419;0;46;2535
2026-08-06;8;2026-08;Jueves;SAC;AG01101;60;55;2325;52;373;550
2026-08-06;8;2026-08;Jueves;PQRS;AG02101;60;53;2567;123;195;295
2026-08-06;9;2026-08;Jueves;SAC;AG01101;60;50;2730;51;419;90
2026-08-06;9;2026-08;Jueves;PQRS;AG02101;60;51;1730;22;124;1184
2026-08-06;9;2026-08;Jueves;Venta;AG03101;60;48;2519;0;135;226
2026-08-06;10;2026-08;Jueves;SAC;AG01101;60;49;2877;136;339;88
2026-08-06;10;2026-08;Jueves;PQRS;AG02101;60;48;6564;184;476;86
2026-08-06;10;2026-08;Jueves;Venta;AG03101;60;50;1860;66;169;905
2026-08-06;11;2026-08;Jueves;SAC;AG01101;60;50;3483;349;664;90
2026-08-06;11;2026-08;Jueves;PQRS;AG02101;60;52;6265;262;548;94
2026-08-06;11;2026-08;Jueves;Venta;AG03101;60;46;932;0;65;1763
2026-08-06;12;2026-08;Jueves;SAC;AG01101;60;58;4369;529;686;104
2026-08-06;12;2026-08;Jueves;PQRS;AG02101;60;50;6898;94;494;90
2026-08-06;12;2026-08;Jueves;Venta;AG03101;60;53;1242;65;109;1764
2026-08-06;13;2026-08;Jueves;SAC;AG01101;60;54;4740;351;554;97
2026-08-06;13;2026-08;Jueves;PQRS;AG02101;60;53;3734;110;411;95
2026-08-06;13;2026-08;Jueves;Venta;AG03101;60;55;930;18;87;2265
2026-08-06;14;2026-08;Jueves;SAC;AG01101;60;47;1668;67;268;817
2026-08-06;14;2026-08;Jueves;PQRS;AG02101;60;51;2317;75;247;421
2026-08-06;14;2026-08;Jueves;Venta;AG03101;60;50;134;0;35;2831
2026-08-06;15;2026-08;Jueves;SAC;AG01201;60;56;2643;150;443;124
2026-08-06;15;2026-08;Jueves;PQRS;AG02201;60;49;4968;182;418;88
2026-08-06;15;2026-08;Jueves;Venta;AG03201;60;47;824;18;90;1888
2026-08-06;16;2026-08;Jueves;SAC;AG01201;60;52;2803;155;462;94
2026-08-06;16;2026-08;Jueves;PQRS;AG02201;60;50;3288;291;281;90
2026-08-06;16;2026-08;Jueves;Venta;AG03201;60;54;667;31;42;2500
2026-08-06;17;2026-08;Jueves;SAC;AG01201;60;48;3274;382;544;86
2026-08-06;17;2026-08;Jueves;PQRS;AG02201;60;47;2117;129;284;290
2026-08-06;17;2026-08;Jueves;Venta;AG03201;60;54;316;38;32;2854
2026-08-06;18;2026-08;Jueves;SAC;AG01201;60;58;3328;142;510;104
2026-08-06;18;2026-08;Jueves;PQRS;AG02201;60;49;3903;246;302;88
2026-08-06;18;2026-08;Jueves;Venta;AG03201;60;55;3189;145;218;99
2026-08-06;19;2026-08;Jueves;SAC;AG01201;60;51;1784;82;393;801
2026-08-06;19;2026-08;Jueves;PQRS;AG02201;60;57;4822;26;481;103
2026-08-06;19;2026-08;Jueves;Venta;AG03201;60;53;514;61;68;2537
2026-08-06;20;2026-08;Jueves;SAC;AG01201;60;51;2463;291;545;92
2026-08-06;20;2026-08;Jueves;PQRS;AG02201;60;44;4777;25;357;79
2026-08-06;20;2026-08;Jueves;Venta;AG03201;60;50;788;65;109;2038
2026-08-06;21;2026-08;Jueves;SAC;AG01201;60;56;3990;366;472;101
2026-08-06;21;2026-08;Jueves;PQRS;AG02201;60;53;1437;150;186;1407
2026-08-06;22;2026-08;Jueves;SAC;AG01201;60;56;2883;247;426;101
2026-08-06;22;2026-08;Jueves;PQRS;AG02201;60;50;2233;128;264;375
2026-08-07;7;2026-08;Viernes;SAC;AG01101;60;52;1175;153;130;1662
2026-08-07;7;2026-08;Viernes;PQRS;AG02101;60;49;255;32;55;2598
2026-08-07;8;2026-08;Viernes;SAC;AG01101;60;56;3111;169;218;101
2026-08-07;8;2026-08;Viernes;PQRS;AG02101;60;56;1975;111;259;1015
2026-08-07;9;2026-08;Viernes;SAC;AG01101;60;49;2654;150;460;88
2026-08-07;9;2026-08;Viernes;PQRS;AG02101;60;49;4092;263;394;88
2026-08-07;9;2026-08;Viernes;Venta;AG03101;60;55;2515;49;162;574
2026-08-07;10;2026-08;Viernes;SAC;AG01101;60;49;4490;266;701;88
2026-08-07;10;2026-08;Viernes;PQRS;AG02101;60;56;3985;154;344;101
2026-08-07;10;2026-08;Viernes;Venta;AG03101;60;52;1968;105;95;952
2026-08-07;11;2026-08;Viernes;SAC;AG01101;60;51;2462;233;539;92
2026-08-07;11;2026-08;Viernes;PQRS;AG02101;60;50;3860;82;259;90
2026-08-07;11;2026-08;Viernes;PQRS;AG02102;60;54;3230;79;265;97
2026-08-07;11;2026-08;Viernes;Venta;AG03101;60;54;2366;0;175;699
2026-08-07;12;2026-08;Viernes;SAC;AG01101;60;49;4351;263;694;88
2026-08-07;12;2026-08;Viernes;PQRS;AG02101;60;56;2805;149;292;114
2026-08-07;12;2026-08;Viernes;PQRS;AG02102;60;55;1579;20;140;1561
2026-08-07;12;2026-08;Viernes;Venta;AG03101;60;46;2477;48;154;83
2026-08-07;13;2026-08;Viernes;SAC;AG01101;60;45;2952;202;480;81
2026-08-07;13;2026-08;Viernes;PQRS;AG02101;60;49;4966;347;461;88
2026-08-07;13;2026-08;Viernes;Venta;AG03101;60;52;878;14;68;2160
2026-08-07;14;2026-08;Viernes;SAC;AG01101;60;51;2482;84;440;92
2026-08-07;14;2026-08;Viernes;PQRS;AG02101;60;49;2344;230;281;88
2026-08-07;14;2026-08;Viernes;Venta;AG03101;60;54;276;32;37;2895
2026-08-07;15;2026-08;Viernes;SAC;AG01201;60;55;3718;163;488;99
2026-08-07;15;2026-08;Viernes;PQRS;AG02201;60;51;2191;79;225;565
2026-08-07;15;2026-08;Viernes;Venta;AG03201;60;50;1269;80;164;1487
2026-08-07;16;2026-08;Viernes;SAC;AG01201;60;56;3993;175;576;101
2026-08-07;16;2026-08;Viernes;PQRS;AG02201;60;51;3322;148;246;92
2026-08-07;16;2026-08;Viernes;Venta;AG03201;60;57;703;0;67;2650
2026-08-07;17;2026-08;Viernes;SAC;AG01201;60;51;2517;95;458;92
2026-08-07;17;2026-08;Viernes;PQRS;AG02201;60;50;3383;282;404;90
2026-08-07;17;2026-08;Viernes;Venta;AG03201;60;52;1077;43;131;1869
2026-08-07;18;2026-08;Viernes;SAC;AG01201;60;53;3610;139;671;95
2026-08-07;18;2026-08;Viernes;PQRS;AG02201;60;51;5760;164;511;92
2026-08-07;18;2026-08;Viernes;Venta;AG03201;60;54;0;0;0;3240
2026-08-07;19;2026-08;Viernes;SAC;AG01201;60;47;2503;144;392;85
2026-08-07;19;2026-08;Viernes;PQRS;AG02201;60;53;6593;221;535;95
2026-08-07;19;2026-08;Viernes;Venta;AG03201;60;50;1034;0;45;1921
2026-08-07;20;2026-08;Viernes;SAC;AG01201;60;50;2684;167;433;90
2026-08-07;20;2026-08;Viernes;PQRS;AG02201;60;56;2969;131;242;101
2026-08-07;20;2026-08;Viernes;Venta;AG03201;60;47;2132;30;121;537
2026-08-07;21;2026-08;Viernes;SAC;AG01201;60;50;2893;103;444;90
2026-08-07;21;2026-08;Viernes;PQRS;AG02201;60;51;2139;0;143;778
2026-08-07;22;2026-08;Viernes;SAC;AG01201;60;49;984;111;159;1686
2026-08-07;22;2026-08;Viernes;PQRS;AG02201;60;52;2391;45;195;489
2026-08-08;7;2026-08;Sábado;SAC;AG01101;60;53;592;76;131;2381
2026-08-08;7;2026-08;Sábado;PQRS;AG02101;60;45;666;27;101;1906
2026-08-08;8;2026-08;Sábado;SAC;AG01101;60;50;618;55;76;2251
2026-08-08;8;2026-08;Sábado;PQRS;AG02101;60;56;3650;107;207;101
2026-08-08;9;2026-08;Sábado;SAC;AG01101;60;49;2375;299;349;88
2026-08-08;9;2026-08;Sábado;PQRS;AG02101;60;56;2084;228;240;808
2026-08-08;9;2026-08;Sábado;Venta;AG03101;60;54;0;0;0;3240
2026-08-08;10;2026-08;Sábado;SAC;AG01101;60;44;3395;269;608;79
2026-08-08;10;2026-08;Sábado;PQRS;AG02101;60;52;3721;53;317;94
2026-08-08;10;2026-08;Sábado;Venta;AG03101;60;55;1434;76;89;1701
2026-08-08;11;2026-08;Sábado;SAC;AG01101;60;55;3000;97;474;99
2026-08-08;11;2026-08;Sábado;PQRS;AG02101;60;49;1928;42;166;804
2026-08-08;11;2026-08;Sábado;Venta;AG03101;60;55;285;13;21;2981
2026-08-08;12;2026-08;Sábado;SAC;AG01101;60;49;2288;116;311;225
2026-08-08;12;2026-08;Sábado;PQRS;AG02101;60;55;4279;266;396;99
2026-08-08;12;2026-08;Sábado;Venta;AG03101;60;53;1805;103;149;1123
2026-08-08;13;2026-08;Sábado;SAC;AG01101;60;52;1967;71;297;785
2026-08-08;13;2026-08;Sábado;PQRS;AG02101;60;55;2789;83;229;199
2026-08-08;13;2026-08;Sábado;Venta;AG03101;60;52;2073;70;113;864
2026-08-08;14;2026-08;Sábado;SAC;AG01101;60;54;2592;191;452;97
2026-08-08;14;2026-08;Sábado;PQRS;AG02101;60;54;2988;71;233;97
2026-08-08;14;2026-08;Sábado;Venta;AG03101;60;54;1024;0;76;2140
2026-08-08;15;2026-08;Sábado;SAC;AG01201;60;52;1058;67;169;1826
2026-08-08;15;2026-08;Sábado;PQRS;AG02201;60;51;3188;128;236;92
2026-08-08;15;2026-08;Sábado;Venta;AG03201;60;43;335;0;49;2196
2026-08-08;16;2026-08;Sábado;SAC;AG01201;60;44;2456;53;417;79
2026-08-08;16;2026-08;Sábado;PQRS;AG02201;60;53;3182;222;284;95
2026-08-08;16;2026-08;Sábado;Venta;AG03201;60;54;365;11;41;2823
2026-08-08;17;2026-08;Sábado;SAC;AG01201;60;49;2180;118;269;373
2026-08-08;17;2026-08;Sábado;PQRS;AG02201;60;55;6057;149;499;99
2026-08-08;17;2026-08;Sábado;Venta;AG03201;60;50;724;22;60;2194
2026-08-08;18;2026-08;Sábado;SAC;AG01201;60;45;2727;461;481;81
2026-08-08;18;2026-08;Sábado;PQRS;AG02201;60;49;3330;153;345;88
2026-08-08;18;2026-08;Sábado;Venta;AG03201;60;52;552;15;73;2480
2026-08-08;19;2026-08;Sábado;SAC;AG01201;60;50;2086;121;351;442
2026-08-08;19;2026-08;Sábado;PQRS;AG02201;60;52;1875;22;168;1055
2026-08-08;19;2026-08;Sábado;Venta;AG03201;60;51;1403;139;153;1365
2026-08-08;20;2026-08;Sábado;SAC;AG01201;60;53;2013;135;272;760
2026-08-08;20;2026-08;Sábado;PQRS;AG02201;60;49;2694;90;224;88
2026-08-08;20;2026-08;Sábado;Venta;AG03201;60;52;3608;78;153;94
2026-08-08;21;2026-08;Sábado;SAC;AG01201;60;53;1566;328;198;1088
2026-08-08;21;2026-08;Sábado;PQRS;AG02201;60;43;2235;31;196;118
2026-08-08;22;2026-08;Sábado;SAC;AG01201;60;53;932;34;24;2190
2026-08-08;22;2026-08;Sábado;PQRS;AG02201;60;51;1121;0;81;1858
2026-08-09;7;2026-08;Domingo;SAC;AG01101;60;55;269;0;47;2984
2026-08-09;7;2026-08;Domingo;PQRS;AG02101;60;52;1124;0;44;1952
2026-08-09;8;2026-08;Domingo;SAC;AG01101;60;54;2546;43;195;456
2026-08-09;8;2026-08;Domingo;PQRS;AG02101;60;52;1523;76;132;1389
2026-08-09;9;2026-08;Domingo;SAC;AG01101;60;51;1830;44;211;975
2026-08-09;9;2026-08;Domingo;PQRS;AG02101;60;49;2041;59;106;734
2026-08-09;9;2026-08;Domingo;Venta;AG03101;60;56;354;0;35;2971
2026-08-09;10;2026-08;Domingo;SAC;AG01101;60;54;2699;275;523;97
2026-08-09;10;2026-08;Domingo;PQRS;AG02101;60;52;1307;0;132;1681
2026-08-09;10;2026-08;Domingo;Venta;AG03101;60;46;367;54;17;2322
2026-08-09;11;2026-08;Domingo;SAC;AG01101;60;55;2455;162;425;258
2026-08-09;11;2026-08;Domingo;PQRS;AG02101;60;53;3032;88;329;95
2026-08-09;11;2026-08;Domingo;Venta;AG03101;60;55;142;84;43;3031
2026-08-09;12;2026-08;Domingo;SAC;AG01101;60;53;2519;154;356;151
2026-08-09;12;2026-08;Domingo;PQRS;AG02101;60;49;2321;59;302;258
2026-08-09;12;2026-08;Domingo;Venta;AG03101;60;53;533;0;38;2609
2026-08-09;13;2026-08;Domingo;SAC;AG01101;60;48;2252;162;301;165
2026-08-09;13;2026-08;Domingo;PQRS;AG02101;60;48;2711;95;253;86
2026-08-09;13;2026-08;Domingo;Venta;AG03101;60;52;318;0;36;2766
2026-08-09;14;2026-08;Domingo;SAC;AG01101;60;48;1458;82;344;996
2026-08-09;14;2026-08;Domingo;PQRS;AG02101;60;55;1827;95;207;1171
2026-08-09;14;2026-08;Domingo;Venta;AG03101;60;53;1521;39;103;1517
2026-08-09;15;2026-08;Domingo;SAC;AG01201;60;57;2243;178;312;687
2026-08-09;15;2026-08;Domingo;PQRS;AG02201;60;57;445;76;48;2851
2026-08-09;15;2026-08;Domingo;Venta;AG03201;60;50;1329;131;79;1461
2026-08-09;16;2026-08;Domingo;SAC;AG01201;60;53;1546;95;254;1285
2026-08-09;16;2026-08;Domingo;PQRS;AG02201;60;54;2189;84;239;728
2026-08-09;16;2026-08;Domingo;Venta;AG03201;60;46;1208;116;106;1330
2026-08-09;17;2026-08;Domingo;SAC;AG01201;60;46;1654;7;257;842
2026-08-09;17;2026-08;Domingo;PQRS;AG02201;60;52;932;24;94;2070
2026-08-09;17;2026-08;Domingo;Venta;AG03201;60;47;696;64;78;1982
2026-08-09;18;2026-08;Domingo;SAC;AG01201;60;53;1255;151;183;1591
2026-08-09;18;2026-08;Domingo;PQRS;AG02201;60;45;4044;132;322;81
2026-08-09;18;2026-08;Domingo;Venta;AG03201;60;43;239;0;25;2316
2026-08-09;19;2026-08;Domingo;SAC;AG01201;60;54;2560;195;321;164
2026-08-09;19;2026-08;Domingo;PQRS;AG02201;60;53;3649;120;269;95
2026-08-09;19;2026-08;Domingo;Venta;AG03201;60;51;790;0;71;2199
2026-08-09;20;2026-08;Domingo;SAC;AG01201;60;54;1940;104;277;919
2026-08-09;20;2026-08;Domingo;PQRS;AG02201;60;53;3612;135;283;95
2026-08-09;20;2026-08;Domingo;Venta;AG03201;60;56;911;16;117;2316
2026-08-09;21;2026-08;Domingo;SAC;AG01201;60;53;2032;54;226;868
2026-08-09;21;2026-08;Domingo;PQRS;AG02201;60;43;1006;52;115;1407
2026-08-09;22;2026-08;Domingo;SAC;AG01201;60;52;1399;32;159;1530
2026-08-09;22;2026-08;Domingo;PQRS;AG02201;60;45;1616;36;108;940
2026-08-10;7;2026-08;Lunes;SAC;AG01101;60;46;787;0;156;1817
2026-08-10;7;2026-08;Lunes;PQRS;AG02101;60;48;254;0;40;2586
2026-08-10;8;2026-08;Lunes;SAC;AG01101;60;55;2200;63;280;757
2026-08-10;8;2026-08;Lunes;PQRS;AG02101;60;51;1458;130;165;1307
2026-08-10;9;2026-08;Lunes;SAC;AG01101;60;45;1569;68;306;757
2026-08-10;9;2026-08;Lunes;PQRS;AG02101;60;56;7666;195;600;101
2026-08-10;9;2026-08;Lunes;Venta;AG03101;60;54;1804;83;171;1182
2026-08-10;10;2026-08;Lunes;SAC;AG01101;60;48;2994;314;492;86
2026-08-10;10;2026-08;Lunes;PQRS;AG02101;60;49;4572;308;446;88
2026-08-10;10;2026-08;Lunes;Venta;AG03101;60;56;753;18;59;2530
2026-08-10;11;2026-08;Lunes;SAC;AG01101;60;50;5001;754;787;90
2026-08-10;11;2026-08;Lunes;PQRS;AG02101;60;51;4373;117;301;92
2026-08-10;11;2026-08;Lunes;PQRS;AG02102;60;52;2757;74;279;94
2026-08-10;11;2026-08;Lunes;Venta;AG03101;60;54;229;0;23;2988
2026-08-10;12;2026-08;Lunes;SAC;AG01101;60;43;5089;260;594;77
2026-08-10;12;2026-08;Lunes;PQRS;AG02101;60;55;5327;463;466;99
2026-08-10;12;2026-08;Lunes;PQRS;AG02102;60;47;459;0;69;2292
2026-08-10;12;2026-08;Lunes;Venta;AG03101;60;55;3464;20;194;99
2026-08-10;13;2026-08;Lunes;SAC;AG01101;60;52;4935;467;666;94
2026-08-10;13;2026-08;Lunes;PQRS;AG02101;60;41;5607;214;662;74
2026-08-10;13;2026-08;Lunes;Venta;AG03101;60;53;2322;120;266;472
2026-08-10;14;2026-08;Lunes;SAC;AG01101;60;51;4118;291;666;92
2026-08-10;14;2026-08;Lunes;PQRS;AG02101;60;52;5043;163;445;94
2026-08-10;14;2026-08;Lunes;Venta;AG03101;60;55;567;0;33;2700
2026-08-10;15;2026-08;Lunes;SAC;AG01201;60;53;2494;149;342;195
2026-08-10;15;2026-08;Lunes;PQRS;AG02201;60;51;5637;214;424;92
2026-08-10;15;2026-08;Lunes;Venta;AG03201;60;54;2104;31;205;900
2026-08-10;16;2026-08;Lunes;SAC;AG01201;60;57;3429;283;490;103
2026-08-10;16;2026-08;Lunes;PQRS;AG02201;60;53;6674;242;609;95
2026-08-10;16;2026-08;Lunes;Venta;AG03201;60;52;626;0;54;2440
2026-08-10;17;2026-08;Lunes;SAC;AG01201;60;57;3148;305;649;103
2026-08-10;17;2026-08;Lunes;PQRS;AG02201;60;53;7020;211;517;95
2026-08-10;17;2026-08;Lunes;Venta;AG03201;60;54;1797;72;116;1255
2026-08-10;18;2026-08;Lunes;SAC;AG01201;60;51;4462;239;572;92
2026-08-10;18;2026-08;Lunes;PQRS;AG02201;60;56;4548;168;425;101
2026-08-10;18;2026-08;Lunes;Venta;AG03201;60;52;723;0;65;2332
2026-08-10;19;2026-08;Lunes;SAC;AG01201;60;57;4143;413;682;103
2026-08-10;19;2026-08;Lunes;PQRS;AG02201;60;57;5161;218;443;103
2026-08-10;19;2026-08;Lunes;Venta;AG03201;60;54;1997;186;184;873
2026-08-10;20;2026-08;Lunes;SAC;AG01201;60;55;4059;290;646;99
2026-08-10;20;2026-08;Lunes;PQRS;AG02201;60;55;3532;362;395;99
2026-08-10;20;2026-08;Lunes;Venta;AG03201;60;53;227;39;44;2870
2026-08-10;21;2026-08;Lunes;SAC;AG01201;60;54;2927;184;457;97
2026-08-10;21;2026-08;Lunes;PQRS;AG02201;60;46;3698;74;395;83
2026-08-10;22;2026-08;Lunes;SAC;AG01201;60;54;2108;121;333;678
2026-08-10;22;2026-08;Lunes;PQRS;AG02201;60;51;1540;66;143;1311
2026-08-11;7;2026-08;Martes;SAC;AG01101;60;56;1579;193;166;1422
2026-08-11;7;2026-08;Martes;PQRS;AG02101;60;56;1455;29;108;1768
2026-08-11;8;2026-08;Martes;SAC;AG01101;60;44;5605;292;418;79
2026-08-11;8;2026-08;Martes;PQRS;AG02101;60;53;2495;173;158;354
2026-08-11;9;2026-08;Martes;SAC;AG01101;60;56;2761;268;362;101
2026-08-11;9;2026-08;Martes;PQRS;AG02101;60;51;4468;80;345;92
2026-08-11;9;2026-08;Martes;Venta;AG03101;60;53;1527;0;119;1534
2026-08-11;10;2026-08;Martes;SAC;AG01101;60;51;2222;94;390;354
2026-08-11;10;2026-08;Martes;PQRS;AG02101;60;49;5091;178;471;88
2026-08-11;10;2026-08;Martes;Venta;AG03101;60;51;1073;0;110;1877
2026-08-11;11;2026-08;Martes;SAC;AG01101;60;51;3333;430;682;92
2026-08-11;11;2026-08;Martes;PQRS;AG02101;60;53;5204;125;327;95
2026-08-11;11;2026-08;Martes;PQRS;AG02102;60;49;4244;95;261;88
2026-08-11;11;2026-08;Martes;Venta;AG03101;60;47;1237;84;70;1429
2026-08-11;12;2026-08;Martes;SAC;AG01101;60;48;4627;605;783;86
2026-08-11;12;2026-08;Martes;PQRS;AG02101;60;53;1497;0;157;1526
2026-08-11;12;2026-08;Martes;PQRS;AG02102;60;49;2638;155;232;88
2026-08-11;12;2026-08;Martes;Venta;AG03101;60;49;2612;142;179;88
2026-08-11;13;2026-08;Martes;SAC;AG01101;60;54;4172;365;663;97
2026-08-11;13;2026-08;Martes;PQRS;AG02101;60;50;2897;77;223;90
2026-08-11;13;2026-08;Martes;Venta;AG03101;60;54;1274;27;107;1832
2026-08-11;14;2026-08;Martes;SAC;AG01101;60;53;4320;391;489;95
2026-08-11;14;2026-08;Martes;PQRS;AG02101;60;46;4341;330;414;83
2026-08-11;14;2026-08;Martes;Venta;AG03101;60;49;3025;94;228;88
2026-08-11;15;2026-08;Martes;SAC;AG01201;60;54;3409;387;530;97
2026-08-11;15;2026-08;Martes;PQRS;AG02201;60;48;3308;94;382;86
2026-08-11;15;2026-08;Martes;Venta;AG03201;60;56;968;22;75;2295
2026-08-11;16;2026-08;Martes;SAC;AG01201;60;51;2262;237;369;192
2026-08-11;16;2026-08;Martes;PQRS;AG02201;60;54;6662;142;578;97
2026-08-11;16;2026-08;Martes;Venta;AG03201;60;50;0;0;0;3000
2026-08-11;17;2026-08;Martes;SAC;AG01201;60;58;1270;170;232;1808
2026-08-11;17;2026-08;Martes;PQRS;AG02201;60;51;2869;288;324;92
2026-08-11;17;2026-08;Martes;Venta;AG03201;60;55;0;0;0;3300
2026-08-11;18;2026-08;Martes;SAC;AG01201;60;51;2058;173;317;512
2026-08-11;18;2026-08;Martes;PQRS;AG02201;60;51;3087;113;321;92
2026-08-11;18;2026-08;Martes;Venta;AG03201;60;57;390;66;54;2910
2026-08-11;19;2026-08;Martes;SAC;AG01201;60;55;4376;250;740;99
2026-08-11;19;2026-08;Martes;PQRS;AG02201;60;54;3631;52;285;97
2026-08-11;19;2026-08;Martes;Venta;AG03201;60;53;1237;0;127;1816
2026-08-11;20;2026-08;Martes;SAC;AG01201;60;52;1142;0;229;1749
2026-08-11;20;2026-08;Martes;PQRS;AG02201;60;47;3027;76;328;85
2026-08-11;20;2026-08;Martes;Venta;AG03201;60;48;0;0;0;2880
2026-08-11;21;2026-08;Martes;SAC;AG01201;60;47;1671;58;225;866
2026-08-11;21;2026-08;Martes;PQRS;AG02201;60;55;2000;81;231;988
2026-08-11;22;2026-08;Martes;SAC;AG01201;60;52;1750;42;159;1169
2026-08-11;22;2026-08;Martes;PQRS;AG02201;60;50;1267;0;170;1563
2026-08-12;7;2026-08;Miércoles;SAC;AG01101;60;52;1452;9;132;1527
2026-08-12;7;2026-08;Miércoles;PQRS;AG02101;60;44;1295;75;87;1183
2026-08-12;8;2026-08;Miércoles;SAC;AG01101;60;49;3370;133;426;88
2026-08-12;8;2026-08;Miércoles;PQRS;AG02101;60;54;2346;11;204;679
2026-08-12;9;2026-08;Miércoles;SAC;AG01101;60;53;3225;308;481;95
2026-08-12;9;2026-08;Miércoles;PQRS;AG02101;60;45;2250;359;204;81
2026-08-12;9;2026-08;Miércoles;Venta;AG03101;60;52;1038;20;85;1977
2026-08-12;10;2026-08;Miércoles;SAC;AG01101;60;54;2889;143;420;97
2026-08-12;10;2026-08;Miércoles;PQRS;AG02101;60;52;4589;210;460;94
2026-08-12;10;2026-08;Miércoles;Venta;AG03101;60;55;2046;51;205;998
2026-08-12;11;2026-08;Miércoles;SAC;AG01101;60;50;2931;216;405;90
2026-08-12;11;2026-08;Miércoles;PQRS;AG02101;60;50;3753;74;293;90
2026-08-12;11;2026-08;Miércoles;Venta;AG03101;60;51;1434;0;92;1534
2026-08-12;12;2026-08;Miércoles;SAC;AG01101;60;51;2229;296;461;92
2026-08-12;12;2026-08;Miércoles;PQRS;AG02101;60;46;4931;460;439;83
2026-08-12;12;2026-08;Miércoles;Venta;AG03101;60;56;1688;0;129;1543
2026-08-12;13;2026-08;Miércoles;SAC;AG01101;60;56;3147;324;489;101
2026-08-12;13;2026-08;Miércoles;PQRS;AG02101;60;52;6748;273;556;94
2026-08-12;13;2026-08;Miércoles;Venta;AG03101;60;55;175;22;27;3076
2026-08-12;14;2026-08;Miércoles;SAC;AG01101;60;49;4700;452;795;88
2026-08-12;14;2026-08;Miércoles;PQRS;AG02101;60;55;2412;17;275;596
2026-08-12;14;2026-08;Miércoles;Venta;AG03101;60;53;1539;73;105;1463
2026-08-12;15;2026-08;Miércoles;SAC;AG01201;60;56;1957;0;321;1082
2026-08-12;15;2026-08;Miércoles;PQRS;AG02201;60;50;3147;127;399;90
2026-08-12;15;2026-08;Miércoles;Venta;AG03201;60;52;831;21;40;2228
2026-08-12;16;2026-08;Miércoles;SAC;AG01201;60;53;3201;228;358;95
2026-08-12;16;2026-08;Miércoles;PQRS;AG02201;60;53;3003;44;233;95
2026-08-12;16;2026-08;Miércoles;Venta;AG03201;60;46;0;0;0;2760
2026-08-12;17;2026-08;Miércoles;SAC;AG01201;60;52;966;76;224;1854
2026-08-12;17;2026-08;Miércoles;PQRS;AG02201;60;48;2653;18;205;86
2026-08-12;17;2026-08;Miércoles;Venta;AG03201;60;52;1810;37;187;1086
2026-08-12;18;2026-08;Miércoles;SAC;AG01201;60;47;2949;75;535;85
2026-08-12;18;2026-08;Miércoles;PQRS;AG02201;60;56;4595;395;338;101
2026-08-12;18;2026-08;Miércoles;Venta;AG03201;60;49;189;0;23;2728
2026-08-12;19;2026-08;Miércoles;SAC;AG01201;60;53;2660;130;448;95
2026-08-12;19;2026-08;Miércoles;PQRS;AG02201;60;50;5784;181;470;90
2026-08-12;19;2026-08;Miércoles;Venta;AG03201;60;55;3294;17;169;99
2026-08-12;20;2026-08;Miércoles;SAC;AG01201;60;56;3727;113;509;101
2026-08-12;20;2026-08;Miércoles;PQRS;AG02201;60;51;3584;256;278;92
2026-08-12;20;2026-08;Miércoles;Venta;AG03201;60;50;3017;32;264;90
2026-08-12;21;2026-08;Miércoles;SAC;AG01201;60;48;3512;277;483;86
2026-08-12;21;2026-08;Miércoles;PQRS;AG02201;60;47;2479;76;232;85
2026-08-12;22;2026-08;Miércoles;SAC;AG01201;60;56;1559;174;226;1401
2026-08-12;22;2026-08;Miércoles;PQRS;AG02201;60;46;517;0;95;2148
2026-08-13;7;2026-08;Jueves;SAC;AG01101;60;43;144;0;41;2395
2026-08-13;7;2026-08;Jueves;PQRS;AG02101;60;53;840;120;85;2135
2026-08-13;8;2026-08;Jueves;SAC;AG01101;60;53;2122;89;262;707
2026-08-13;8;2026-08;Jueves;PQRS;AG02101;60;53;2356;10;184;630
2026-08-13;9;2026-08;Jueves;SAC;AG01101;60;52;3072;315;430;94
2026-08-13;9;2026-08;Jueves;PQRS;AG02101;60;54;4238;302;297;97
2026-08-13;9;2026-08;Jueves;Venta;AG03101;60;57;1692;12;200;1516
2026-08-13;10;2026-08;Jueves;SAC;AG01101;60;51;3656;117;390;92
2026-08-13;10;2026-08;Jueves;PQRS;AG02101;60;48;3579;203;330;86
2026-08-13;10;2026-08;Jueves;Venta;AG03101;60;51;1290;53;94;1623
2026-08-13;11;2026-08;Jueves;SAC;AG01101;60;52;4594;326;550;94
2026-08-13;11;2026-08;Jueves;PQRS;AG02101;60;42;5133;166;495;76
2026-08-13;11;2026-08;Jueves;Venta;AG03101;60;56;1557;0;126;1677
2026-08-13;12;2026-08;Jueves;SAC;AG01101;60;53;1589;198;272;1121
2026-08-13;12;2026-08;Jueves;PQRS;AG02101;60;49;6974;548;641;88
2026-08-13;12;2026-08;Jueves;Venta;AG03101;60;54;1788;34;150;1268
2026-08-13;13;2026-08;Jueves;SAC;AG01101;60;52;1674;284;283;879
2026-08-13;13;2026-08;Jueves;PQRS;AG02101;60;52;5302;190;457;94
2026-08-13;13;2026-08;Jueves;Venta;AG03101;60;50;663;0;42;2295
2026-08-13;14;2026-08;Jueves;SAC;AG01101;60;48;2574;114;357;86
2026-08-13;14;2026-08;Jueves;PQRS;AG02101;60;56;2361;60;217;722
2026-08-13;14;2026-08;Jueves;Venta;AG03101;60;48;856;0;74;1950
2026-08-13;15;2026-08;Jueves;SAC;AG01201;60;56;2033;230;272;825
2026-08-13;15;2026-08;Jueves;PQRS;AG02201;60;47;2203;14;208;395
2026-08-13;15;2026-08;Jueves;Venta;AG03201;60;52;2601;54;165;300
2026-08-13;16;2026-08;Jueves;SAC;AG01201;60;54;3747;185;451;97
2026-08-13;16;2026-08;Jueves;PQRS;AG02201;60;46;4081;181;379;83
2026-08-13;16;2026-08;Jueves;Venta;AG03201;60;51;1766;29;69;1196
2026-08-13;17;2026-08;Jueves;SAC;AG01201;60;51;3011;393;488;92
2026-08-13;17;2026-08;Jueves;PQRS;AG02201;60;54;3837;251;366;97
2026-08-13;17;2026-08;Jueves;Venta;AG03201;60;54;656;35;98;2451
2026-08-13;18;2026-08;Jueves;SAC;AG01201;60;49;2969;341;574;88
2026-08-13;18;2026-08;Jueves;PQRS;AG02201;60;48;3190;207;255;86
2026-08-13;18;2026-08;Jueves;Venta;AG03201;60;54;1077;42;103;2018
2026-08-13;19;2026-08;Jueves;SAC;AG01201;60;51;3300;167;540;92
2026-08-13;19;2026-08;Jueves;PQRS;AG02201;60;56;5065;255;462;101
2026-08-13;19;2026-08;Jueves;Venta;AG03201;60;52;0;0;0;3120
2026-08-13;20;2026-08;Jueves;SAC;AG01201;60;50;3437;96;521;90
2026-08-13;20;2026-08;Jueves;PQRS;AG02201;60;53;5599;199;417;95
2026-08-13;20;2026-08;Jueves;Venta;AG03201;60;52;241;54;16;2809
2026-08-13;21;2026-08;Jueves;SAC;AG01201;60;48;3004;350;358;86
2026-08-13;21;2026-08;Jueves;PQRS;AG02201;60;49;2973;244;352;88
2026-08-13;22;2026-08;Jueves;SAC;AG01201;60;51;1235;96;288;1441
2026-08-13;22;2026-08;Jueves;PQRS;AG02201;60;52;457;0;22;2641
2026-08-14;7;2026-08;Viernes;SAC;AG01101;60;47;1585;56;232;947
2026-08-14;7;2026-08;Viernes;PQRS;AG02101;60;57;1582;41;167;1630
2026-08-14;8;2026-08;Viernes;SAC;AG01101;60;47;2916;93;348;85
2026-08-14;8;2026-08;Viernes;PQRS;AG02101;60;52;2044;0;169;907
2026-08-14;9;2026-08;Viernes;SAC;AG01101;60;53;2698;203;496;95
2026-08-14;9;2026-08;Viernes;PQRS;AG02101;60;51;3079;88;251;92
2026-08-14;9;2026-08;Viernes;Venta;AG03101;60;53;494;76;92;2518
2026-08-14;10;2026-08;Viernes;SAC;AG01101;60;48;4297;323;634;86
2026-08-14;10;2026-08;Viernes;PQRS;AG02101;60;53;2306;154;178;542
2026-08-14;10;2026-08;Viernes;Venta;AG03101;60;48;2717;76;126;86
2026-08-14;11;2026-08;Viernes;SAC;AG01101;60;53;5278;121;697;95
2026-08-14;11;2026-08;Viernes;PQRS;AG02101;60;56;1609;80;156;1515
2026-08-14;11;2026-08;Viernes;PQRS;AG02102;60;54;4258;427;439;97
2026-08-14;11;2026-08;Viernes;Venta;AG03101;60;55;542;0;38;2720
2026-08-14;12;2026-08;Viernes;SAC;AG01101;60;54;5555;468;729;97
2026-08-14;12;2026-08;Viernes;PQRS;AG02101;60;55;3522;118;315;99
2026-08-14;12;2026-08;Viernes;PQRS;AG02102;60;52;2049;102;201;768
2026-08-14;12;2026-08;Viernes;Venta;AG03101;60;53;1865;52;146;1117
2026-08-14;13;2026-08;Viernes;SAC;AG01101;60;52;3944;187;560;94
2026-08-14;13;2026-08;Viernes;PQRS;AG02101;60;53;4732;248;444;95
2026-08-14;13;2026-08;Viernes;Venta;AG03101;60;53;1006;57;116;2001
2026-08-14;14;2026-08;Viernes;SAC;AG01101;60;55;3419;298;530;99
2026-08-14;14;2026-08;Viernes;PQRS;AG02101;60;47;2878;92;288;85
2026-08-14;14;2026-08;Viernes;Venta;AG03101;60;55;2087;182;191;840
2026-08-14;15;2026-08;Viernes;SAC;AG01201;60;52;2781;118;524;94
2026-08-14;15;2026-08;Viernes;PQRS;AG02201;60;52;3116;255;272;94
2026-08-14;15;2026-08;Viernes;Venta;AG03201;60;53;503;106;74;2497
2026-08-14;16;2026-08;Viernes;SAC;AG01201;60;58;4070;290;627;104
2026-08-14;16;2026-08;Viernes;PQRS;AG02201;60;50;3051;136;273;90
2026-08-14;16;2026-08;Viernes;Venta;AG03201;60;55;255;0;25;3020
2026-08-14;17;2026-08;Viernes;SAC;AG01201;60;52;3674;391;492;94
2026-08-14;17;2026-08;Viernes;PQRS;AG02201;60;52;4569;97;489;94
2026-08-14;17;2026-08;Viernes;Venta;AG03201;60;53;3217;226;254;95
2026-08-14;18;2026-08;Viernes;SAC;AG01201;60;54;3651;354;514;97
2026-08-14;18;2026-08;Viernes;PQRS;AG02201;60;51;6328;409;523;92
2026-08-14;18;2026-08;Viernes;Venta;AG03201;60;50;1839;78;135;948
2026-08-14;19;2026-08;Viernes;SAC;AG01201;60;55;4080;376;705;99
2026-08-14;19;2026-08;Viernes;PQRS;AG02201;60;52;4211;151;369;94
2026-08-14;19;2026-08;Viernes;Venta;AG03201;60;53;365;0;19;2796
2026-08-14;20;2026-08;Viernes;SAC;AG01201;60;49;2875;206;544;88
2026-08-14;20;2026-08;Viernes;PQRS;AG02201;60;50;3411;275;409;90
2026-08-14;20;2026-08;Viernes;Venta;AG03201;60;52;394;0;46;2680
2026-08-14;21;2026-08;Viernes;SAC;AG01201;60;48;3269;209;309;86
2026-08-14;21;2026-08;Viernes;PQRS;AG02201;60;57;3331;112;259;103
2026-08-14;22;2026-08;Viernes;SAC;AG01201;60;51;1016;0;175;1869
2026-08-14;22;2026-08;Viernes;PQRS;AG02201;60;55;2065;0;212;1023
2026-08-15;7;2026-08;Sábado;SAC;AG01101;60;51;1423;137;131;1369
2026-08-15;7;2026-08;Sábado;PQRS;AG02101;60;53;182;33;43;2922
2026-08-15;8;2026-08;Sábado;SAC;AG01101;60;48;2294;63;300;223
2026-08-15;8;2026-08;Sábado;PQRS;AG02101;60;51;1749;63;176;1072
2026-08-15;9;2026-08;Sábado;SAC;AG01101;60;50;928;13;125;1934
2026-08-15;9;2026-08;Sábado;PQRS;AG02101;60;56;2780;104;224;252
2026-08-15;9;2026-08;Sábado;Venta;AG03101;60;53;895;79;66;2140
2026-08-15;10;2026-08;Sábado;SAC;AG01101;60;52;1644;89;319;1068
2026-08-15;10;2026-08;Sábado;PQRS;AG02101;60;54;3127;185;312;97
2026-08-15;10;2026-08;Sábado;Venta;AG03101;60;54;366;0;36;2838
2026-08-15;11;2026-08;Sábado;SAC;AG01101;60;50;2798;163;380;90
2026-08-15;11;2026-08;Sábado;PQRS;AG02101;60;56;2859;74;346;101
2026-08-15;11;2026-08;Sábado;Venta;AG03101;60;49;858;21;53;2008
2026-08-15;12;2026-08;Sábado;SAC;AG01101;60;54;3783;296;603;97
2026-08-15;12;2026-08;Sábado;PQRS;AG02101;60;50;6976;275;573;90
2026-08-15;12;2026-08;Sábado;Venta;AG03101;60;50;938;45;90;1927
2026-08-15;13;2026-08;Sábado;SAC;AG01101;60;56;2963;106;459;101
2026-08-15;13;2026-08;Sábado;PQRS;AG02101;60;45;3158;98;219;81
2026-08-15;13;2026-08;Sábado;Venta;AG03101;60;50;354;23;45;2578
2026-08-15;14;2026-08;Sábado;SAC;AG01101;60;49;3883;291;457;88
2026-08-15;14;2026-08;Sábado;PQRS;AG02101;60;51;1982;149;188;741
2026-08-15;14;2026-08;Sábado;Venta;AG03101;60;52;1806;0;139;1175
2026-08-15;15;2026-08;Sábado;SAC;AG01201;60;56;2379;346;357;278
2026-08-15;15;2026-08;Sábado;PQRS;AG02201;60;45;1857;65;187;591
2026-08-15;15;2026-08;Sábado;Venta;AG03201;60;50;363;73;55;2509
2026-08-15;16;2026-08;Sábado;SAC;AG01201;60;54;1887;231;245;877
2026-08-15;16;2026-08;Sábado;PQRS;AG02201;60;54;4355;182;382;97
2026-08-15;16;2026-08;Sábado;Venta;AG03201;60;50;575;10;32;2383
2026-08-15;17;2026-08;Sábado;SAC;AG01201;60;52;1341;28;291;1460
2026-08-15;17;2026-08;Sábado;PQRS;AG02201;60;52;1717;120;173;1110
2026-08-15;17;2026-08;Sábado;Venta;AG03201;60;48;894;19;71;1896
2026-08-15;18;2026-08;Sábado;SAC;AG01201;60;54;4866;452;717;97
2026-08-15;18;2026-08;Sábado;PQRS;AG02201;60;56;4271;307;460;101
2026-08-15;18;2026-08;Sábado;Venta;AG03201;60;43;1336;123;135;986
2026-08-15;19;2026-08;Sábado;SAC;AG01201;60;48;2425;38;338;86
2026-08-15;19;2026-08;Sábado;PQRS;AG02201;60;52;5192;155;457;94
2026-08-15;19;2026-08;Sábado;Venta;AG03201;60;55;646;109;50;2495
2026-08-15;20;2026-08;Sábado;SAC;AG01201;60;51;2382;91;373;214
2026-08-15;20;2026-08;Sábado;PQRS;AG02201;60;50;3483;153;242;90
2026-08-15;20;2026-08;Sábado;Venta;AG03201;60;51;427;0;17;2616
2026-08-15;21;2026-08;Sábado;SAC;AG01201;60;44;1935;123;212;370
2026-08-15;21;2026-08;Sábado;PQRS;AG02201;60;52;1315;191;129;1485
2026-08-15;22;2026-08;Sábado;SAC;AG01201;60;49;1994;234;198;514
2026-08-15;22;2026-08;Sábado;PQRS;AG02201;60;49;1265;56;110;1509
2026-08-16;7;2026-08;Domingo;SAC;AG01101;60;53;596;8;75;2501
2026-08-16;7;2026-08;Domingo;PQRS;AG02101;60;47;590;75;83;2072
2026-08-16;8;2026-08;Domingo;SAC;AG01101;60;53;417;0;24;2739
2026-08-16;8;2026-08;Domingo;PQRS;AG02101;60;55;2499;56;253;492
2026-08-16;9;2026-08;Domingo;SAC;AG01101;60;53;540;0;163;2477
2026-08-16;9;2026-08;Domingo;PQRS;AG02101;60;55;2257;0;246;797
2026-08-16;9;2026-08;Domingo;Venta;AG03101;60;52;0;0;0;3120
2026-08-16;10;2026-08;Domingo;SAC;AG01101;60;55;1423;308;207;1362
2026-08-16;10;2026-08;Domingo;PQRS;AG02101;60;54;2101;95;180;864
2026-08-16;10;2026-08;Domingo;Venta;AG03101;60;51;1641;153;102;1164
2026-08-16;11;2026-08;Domingo;SAC;AG01101;60;49;1270;120;270;1280
2026-08-16;11;2026-08;Domingo;PQRS;AG02101;60;57;2036;0;250;1134
2026-08-16;11;2026-08;Domingo;Venta;AG03101;60;52;219;34;28;2839
2026-08-16;12;2026-08;Domingo;SAC;AG01101;60;49;2735;370;395;88
2026-08-16;12;2026-08;Domingo;PQRS;AG02101;60;50;1657;26;155;1162
2026-08-16;12;2026-08;Domingo;Venta;AG03101;60;48;684;0;23;2173
2026-08-16;13;2026-08;Domingo;SAC;AG01101;60;46;2629;137;382;83
2026-08-16;13;2026-08;Domingo;PQRS;AG02101;60;51;4735;69;261;92
2026-08-16;13;2026-08;Domingo;Venta;AG03101;60;53;1397;120;112;1551
2026-08-16;14;2026-08;Domingo;SAC;AG01101;60;56;2660;152;365;183
2026-08-16;14;2026-08;Domingo;PQRS;AG02101;60;51;2632;97;216;115
2026-08-16;14;2026-08;Domingo;Venta;AG03101;60;55;983;0;42;2275
2026-08-16;15;2026-08;Domingo;SAC;AG01201;60;49;1813;133;276;718
2026-08-16;15;2026-08;Domingo;PQRS;AG02201;60;49;1951;0;178;811
2026-08-16;15;2026-08;Domingo;Venta;AG03201;60;51;613;0;24;2423
2026-08-16;16;2026-08;Domingo;SAC;AG01201;60;47;937;100;239;1544
2026-08-16;16;2026-08;Domingo;PQRS;AG02201;60;54;2971;200;264;97
2026-08-16;16;2026-08;Domingo;Venta;AG03201;60;54;683;0;89;2468
2026-08-16;17;2026-08;Domingo;SAC;AG01201;60;51;2023;309;272;456
2026-08-16;17;2026-08;Domingo;PQRS;AG02201;60;53;1998;120;161;901
2026-08-16;17;2026-08;Domingo;Venta;AG03201;60;54;720;133;43;2344
2026-08-16;18;2026-08;Domingo;SAC;AG01201;60;54;1119;113;232;1776
2026-08-16;18;2026-08;Domingo;PQRS;AG02201;60;53;3655;103;237;95
2026-08-16;18;2026-08;Domingo;Venta;AG03201;60;50;2058;72;101;769
2026-08-16;19;2026-08;Domingo;SAC;AG01201;60;55;1710;104;246;1240
2026-08-16;19;2026-08;Domingo;PQRS;AG02201;60;50;4389;134;231;90
2026-08-16;19;2026-08;Domingo;Venta;AG03201;60;50;429;0;64;2507
2026-08-16;20;2026-08;Domingo;SAC;AG01201;60;49;3025;48;467;88
2026-08-16;20;2026-08;Domingo;PQRS;AG02201;60;50;1492;31;138;1339
2026-08-16;20;2026-08;Domingo;Venta;AG03201;60;54;668;0;52;2520
2026-08-16;21;2026-08;Domingo;SAC;AG01201;60;49;1836;28;234;842
2026-08-16;21;2026-08;Domingo;PQRS;AG02201;60;51;2108;31;197;724
2026-08-16;22;2026-08;Domingo;SAC;AG01201;60;54;629;0;111;2500
2026-08-16;22;2026-08;Domingo;PQRS;AG02201;60;48;1564;19;177;1120
2026-08-17;7;2026-08;Lunes;SAC;AG01101;60;52;792;140;143;2045
2026-08-17;7;2026-08;Lunes;PQRS;AG02101;60;56;1066;0;89;2205
2026-08-17;8;2026-08;Lunes;SAC;AG01101;60;49;2573;192;383;88
2026-08-17;8;2026-08;Lunes;PQRS;AG02101;60;50;3407;115;239;90
2026-08-17;9;2026-08;Lunes;SAC;AG01101;60;51;2308;85;365;302
2026-08-17;9;2026-08;Lunes;PQRS;AG02101;60;54;5960;269;523;97
2026-08-17;9;2026-08;Lunes;Venta;AG03101;60;54;1745;55;136;1304
2026-08-17;10;2026-08;Lunes;SAC;AG01101;60;55;3065;101;519;99
2026-08-17;10;2026-08;Lunes;PQRS;AG02101;60;49;5551;382;533;88
2026-08-17;10;2026-08;Lunes;Venta;AG03101;60;53;1003;0;100;2077
2026-08-17;11;2026-08;Lunes;SAC;AG01101;60;49;4217;586;805;88
2026-08-17;11;2026-08;Lunes;PQRS;AG02101;60;52;2691;136;276;94
2026-08-17;11;2026-08;Lunes;PQRS;AG02102;60;50;2788;108;226;90
2026-08-17;11;2026-08;Lunes;Venta;AG03101;60;52;986;119;118;1897
2026-08-17;12;2026-08;Lunes;SAC;AG01101;60;55;4095;296;648;99
2026-08-17;12;2026-08;Lunes;PQRS;AG02101;60;56;1592;219;166;1383
2026-08-17;12;2026-08;Lunes;PQRS;AG02102;60;48;2092;146;210;432
2026-08-17;12;2026-08;Lunes;Venta;AG03101;60;42;0;0;0;2520
2026-08-17;13;2026-08;Lunes;SAC;AG01101;60;52;3213;91;495;94
2026-08-17;13;2026-08;Lunes;PQRS;AG02101;60;55;6195;163;518;99
2026-08-17;13;2026-08;Lunes;Venta;AG03101;60;52;784;24;122;2190
2026-08-17;14;2026-08;Lunes;SAC;AG01101;60;49;2569;264;500;88
2026-08-17;14;2026-08;Lunes;PQRS;AG02101;60;52;3723;130;423;94
2026-08-17;14;2026-08;Lunes;Venta;AG03101;60;55;1963;221;101;1015
2026-08-17;15;2026-08;Lunes;SAC;AG01201;60;52;2292;345;356;127
2026-08-17;15;2026-08;Lunes;PQRS;AG02201;60;55;4133;86;314;99
2026-08-17;15;2026-08;Lunes;Venta;AG03201;60;49;411;0;64;2465
2026-08-17;16;2026-08;Lunes;SAC;AG01201;60;42;2391;158;447;76
2026-08-17;16;2026-08;Lunes;PQRS;AG02201;60;54;3132;89;285;97
2026-08-17;16;2026-08;Lunes;Venta;AG03201;60;52;2246;110;125;639
2026-08-17;17;2026-08;Lunes;SAC;AG01201;60;48;4357;333;719;86
2026-08-17;17;2026-08;Lunes;PQRS;AG02201;60;50;5674;221;458;90
2026-08-17;17;2026-08;Lunes;Venta;AG03201;60;51;1758;29;172;1101
2026-08-17;18;2026-08;Lunes;SAC;AG01201;60;57;3224;173;559;103
2026-08-17;18;2026-08;Lunes;PQRS;AG02201;60;51;3986;221;368;92
2026-08-17;18;2026-08;Lunes;Venta;AG03201;60;52;525;66;49;2480
2026-08-17;19;2026-08;Lunes;SAC;AG01201;60;54;2258;178;296;508
2026-08-17;19;2026-08;Lunes;PQRS;AG02201;60;53;3853;38;309;95
2026-08-17;19;2026-08;Lunes;Venta;AG03201;60;52;1158;8;37;1917
2026-08-17;20;2026-08;Lunes;SAC;AG01201;60;48;3011;93;392;86
2026-08-17;20;2026-08;Lunes;PQRS;AG02201;60;55;4067;107;453;99
2026-08-17;20;2026-08;Lunes;Venta;AG03201;60;54;472;50;53;2665
2026-08-17;21;2026-08;Lunes;SAC;AG01201;60;52;3440;297;519;94
2026-08-17;21;2026-08;Lunes;PQRS;AG02201;60;56;3924;124;211;101
2026-08-17;22;2026-08;Lunes;SAC;AG01201;60;50;2823;66;315;90
2026-08-17;22;2026-08;Lunes;PQRS;AG02201;60;53;1625;64;175;1316
2026-08-18;7;2026-08;Martes;SAC;AG01101;60;45;624;34;120;1922
2026-08-18;7;2026-08;Martes;PQRS;AG02101;60;49;1920;22;146;852
2026-08-18;8;2026-08;Martes;SAC;AG01101;60;50;1058;30;240;1672
2026-08-18;8;2026-08;Martes;PQRS;AG02101;60;51;1025;96;148;1791
2026-08-18;9;2026-08;Martes;SAC;AG01101;60;49;2650;174;394;88
2026-08-18;9;2026-08;Martes;PQRS;AG02101;60;53;2221;163;195;601
2026-08-18;9;2026-08;Martes;Venta;AG03101;60;54;560;8;69;2603
2026-08-18;10;2026-08;Martes;SAC;AG01101;60;50;3924;284;625;90
2026-08-18;10;2026-08;Martes;PQRS;AG02101;60;52;5871;555;510;94
2026-08-18;10;2026-08;Martes;Venta;AG03101;60;49;599;0;83;2258
2026-08-18;11;2026-08;Martes;SAC;AG01101;60;53;3961;233;592;95
2026-08-18;11;2026-08;Martes;PQRS;AG02101;60;49;1527;78;153;1182
2026-08-18;11;2026-08;Martes;PQRS;AG02102;60;57;3788;396;418;103
2026-08-18;11;2026-08;Martes;Venta;AG03101;60;55;2001;0;143;1156
2026-08-18;12;2026-08;Martes;SAC;AG01101;60;52;3280;73;449;94
2026-08-18;12;2026-08;Martes;PQRS;AG02101;60;38;3998;32;302;68
2026-08-18;12;2026-08;Martes;PQRS;AG02102;60;51;2646;85;206;123
2026-08-18;12;2026-08;Martes;Venta;AG03101;60;54;459;0;17;2764
2026-08-18;13;2026-08;Martes;SAC;AG01101;60;50;4510;259;630;90
2026-08-18;13;2026-08;Martes;PQRS;AG02101;60;49;3728;120;367;88
2026-08-18;13;2026-08;Martes;Venta;AG03101;60;50;0;0;0;3000
2026-08-18;14;2026-08;Martes;SAC;AG01101;60;50;3408;609;632;90
2026-08-18;14;2026-08;Martes;PQRS;AG02101;60;54;3763;125;201;97
2026-08-18;14;2026-08;Martes;Venta;AG03101;60;47;1323;30;35;1432
2026-08-18;15;2026-08;Martes;SAC;AG01201;60;53;3839;207;550;95
2026-08-18;15;2026-08;Martes;PQRS;AG02201;60;54;4400;30;318;97
2026-08-18;15;2026-08;Martes;Venta;AG03201;60;53;1072;219;67;1822
2026-08-18;16;2026-08;Martes;SAC;AG01201;60;50;1604;155;328;913
2026-08-18;16;2026-08;Martes;PQRS;AG02201;60;57;3863;155;380;103
2026-08-18;16;2026-08;Martes;Venta;AG03201;60;49;1551;18;176;1195
2026-08-18;17;2026-08;Martes;SAC;AG01201;60;53;1624;117;279;1160
2026-08-18;17;2026-08;Martes;PQRS;AG02201;60;54;5049;483;495;97
2026-08-18;17;2026-08;Martes;Venta;AG03201;60;49;1921;106;151;762
2026-08-18;18;2026-08;Martes;SAC;AG01201;60;53;2589;89;501;95
2026-08-18;18;2026-08;Martes;PQRS;AG02201;60;52;5752;233;484;94
2026-08-18;18;2026-08;Martes;Venta;AG03201;60;53;1570;11;129;1470
2026-08-18;19;2026-08;Martes;SAC;AG01201;60;48;2404;206;385;86
2026-08-18;19;2026-08;Martes;PQRS;AG02201;60;54;6245;198;445;97
2026-08-18;19;2026-08;Martes;Venta;AG03201;60;51;1464;128;125;1343
2026-08-18;20;2026-08;Martes;SAC;AG01201;60;52;3374;282;432;94
2026-08-18;20;2026-08;Martes;PQRS;AG02201;60;51;5217;383;415;92
2026-08-18;20;2026-08;Martes;Venta;AG03201;60;55;2576;67;247;410
2026-08-18;21;2026-08;Martes;SAC;AG01201;60;51;2625;213;415;92
2026-08-18;21;2026-08;Martes;PQRS;AG02201;60;50;2386;51;218;345
2026-08-18;22;2026-08;Martes;SAC;AG01201;60;56;3138;164;376;101
2026-08-18;22;2026-08;Martes;PQRS;AG02201;60;51;0;0;0;3060
2026-08-19;7;2026-08;Miércoles;SAC;AG01101;60;54;130;0;41;3069
2026-08-19;7;2026-08;Miércoles;PQRS;AG02101;60;43;748;35;101;1696
2026-08-19;8;2026-08;Miércoles;SAC;AG01101;60;52;1716;16;276;1112
2026-08-19;8;2026-08;Miércoles;PQRS;AG02101;60;56;3217;124;286;101
2026-08-19;9;2026-08;Miércoles;SAC;AG01101;60;51;5317;534;735;92
2026-08-19;9;2026-08;Miércoles;PQRS;AG02101;60;52;2801;135;218;94
2026-08-19;9;2026-08;Miércoles;Venta;AG03101;60;55;1465;91;132;1612
2026-08-19;10;2026-08;Miércoles;SAC;AG01101;60;47;4404;344;616;85
2026-08-19;10;2026-08;Miércoles;PQRS;AG02101;60;54;4994;219;373;97
2026-08-19;10;2026-08;Miércoles;Venta;AG03101;60;42;1713;0;192;615
2026-08-19;11;2026-08;Miércoles;SAC;AG01101;60;50;5178;234;809;90
2026-08-19;11;2026-08;Miércoles;PQRS;AG02101;60;49;6058;409;610;88
2026-08-19;11;2026-08;Miércoles;Venta;AG03101;60;52;1265;45;94;1716
2026-08-19;12;2026-08;Miércoles;SAC;AG01101;60;57;4721;285;626;103
2026-08-19;12;2026-08;Miércoles;PQRS;AG02101;60;53;6035;492;551;95
2026-08-19;12;2026-08;Miércoles;Venta;AG03101;60;55;1142;0;78;2080
2026-08-19;13;2026-08;Miércoles;SAC;AG01101;60;55;1788;266;353;893
2026-08-19;13;2026-08;Miércoles;PQRS;AG02101;60;53;3777;191;414;95
2026-08-19;13;2026-08;Miércoles;Venta;AG03101;60;51;91;94;16;2859
2026-08-19;14;2026-08;Miércoles;SAC;AG01101;60;49;3424;236;553;88
2026-08-19;14;2026-08;Miércoles;PQRS;AG02101;60;57;4003;131;346;103
2026-08-19;14;2026-08;Miércoles;Venta;AG03101;60;53;2190;63;161;766
2026-08-19;15;2026-08;Miércoles;SAC;AG01201;60;52;2996;402;421;94
2026-08-19;15;2026-08;Miércoles;PQRS;AG02201;60;51;4350;188;353;92
2026-08-19;15;2026-08;Miércoles;Venta;AG03201;60;52;1128;0;73;1919
2026-08-19;16;2026-08;Miércoles;SAC;AG01201;60;56;2310;244;306;500
2026-08-19;16;2026-08;Miércoles;PQRS;AG02201;60;49;4917;136;355;88
2026-08-19;16;2026-08;Miércoles;Venta;AG03201;60;43;494;0;73;2013
2026-08-19;17;2026-08;Miércoles;SAC;AG01201;60;51;2821;131;354;92
2026-08-19;17;2026-08;Miércoles;PQRS;AG02201;60;49;4798;200;433;88
2026-08-19;17;2026-08;Miércoles;Venta;AG03201;60;52;668;24;120;2308
2026-08-19;18;2026-08;Miércoles;SAC;AG01201;60;54;3434;318;535;97
2026-08-19;18;2026-08;Miércoles;PQRS;AG02201;60;51;5279;285;424;92
2026-08-19;18;2026-08;Miércoles;Venta;AG03201;60;48;1239;0;88;1553
2026-08-19;19;2026-08;Miércoles;SAC;AG01201;60;52;3050;159;605;94
2026-08-19;19;2026-08;Miércoles;PQRS;AG02201;60;54;7021;221;637;97
2026-08-19;19;2026-08;Miércoles;Venta;AG03201;60;55;209;0;30;3061
2026-08-19;20;2026-08;Miércoles;SAC;AG01201;60;56;2849;430;490;101
2026-08-19;20;2026-08;Miércoles;PQRS;AG02201;60;52;4240;275;370;94
2026-08-19;20;2026-08;Miércoles;Venta;AG03201;60;50;971;99;122;1808
2026-08-19;21;2026-08;Miércoles;SAC;AG01201;60;55;2303;125;273;599
2026-08-19;21;2026-08;Miércoles;PQRS;AG02201;60;52;2835;202;255;94
2026-08-19;22;2026-08;Miércoles;SAC;AG01201;60;51;1021;0;88;1951
2026-08-19;22;2026-08;Miércoles;PQRS;AG02201;60;51;1689;23;185;1163
2026-08-20;7;2026-08;Jueves;SAC;AG01101;60;44;0;0;0;2640
2026-08-20;7;2026-08;Jueves;PQRS;AG02101;60;55;744;68;74;2414
2026-08-20;8;2026-08;Jueves;SAC;AG01101;60;49;1654;45;135;1106
2026-08-20;8;2026-08;Jueves;PQRS;AG02101;60;52;2790;136;269;94
2026-08-20;9;2026-08;Jueves;SAC;AG01101;60;55;3153;249;560;99
2026-08-20;9;2026-08;Jueves;PQRS;AG02101;60;49;2381;3;180;376
2026-08-20;9;2026-08;Jueves;Venta;AG03101;60;53;602;55;94;2429
2026-08-20;10;2026-08;Jueves;SAC;AG01101;60;48;3667;190;594;86
2026-08-20;10;2026-08;Jueves;PQRS;AG02101;60;49;2236;168;251;285
2026-08-20;10;2026-08;Jueves;Venta;AG03101;60;55;2348;84;184;684
2026-08-20;11;2026-08;Jueves;SAC;AG01101;60;56;3351;158;544;101
2026-08-20;11;2026-08;Jueves;PQRS;AG02101;60;49;4058;219;454;88
2026-08-20;11;2026-08;Jueves;Venta;AG03101;60;50;880;0;79;2041
2026-08-20;12;2026-08;Jueves;SAC;AG01101;60;52;3754;326;519;94
2026-08-20;12;2026-08;Jueves;PQRS;AG02101;60;39;5090;108;457;70
2026-08-20;12;2026-08;Jueves;Venta;AG03101;60;50;946;92;144;1818
2026-08-20;13;2026-08;Jueves;SAC;AG01101;60;46;3260;210;504;83
2026-08-20;13;2026-08;Jueves;PQRS;AG02101;60;54;2437;140;323;340
2026-08-20;13;2026-08;Jueves;Venta;AG03101;60;53;850;2;69;2259
2026-08-20;14;2026-08;Jueves;SAC;AG01101;60;55;3114;284;439;99
2026-08-20;14;2026-08;Jueves;PQRS;AG02101;60;51;5982;172;484;92
2026-08-20;14;2026-08;Jueves;Venta;AG03101;60;56;0;0;0;3360
2026-08-20;15;2026-08;Jueves;SAC;AG01201;60;50;1082;24;243;1651
2026-08-20;15;2026-08;Jueves;PQRS;AG02201;60;53;6174;118;525;95
2026-08-20;15;2026-08;Jueves;Venta;AG03201;60;50;0;0;0;3000
2026-08-20;16;2026-08;Jueves;SAC;AG01201;60;49;2985;153;415;88
2026-08-20;16;2026-08;Jueves;PQRS;AG02201;60;57;2746;152;337;185
2026-08-20;16;2026-08;Jueves;Venta;AG03201;60;53;1506;15;114;1545
2026-08-20;17;2026-08;Jueves;SAC;AG01201;60;46;4427;289;598;83
2026-08-20;17;2026-08;Jueves;PQRS;AG02201;60;47;3955;24;449;85
2026-08-20;17;2026-08;Jueves;Venta;AG03201;60;55;295;0;45;2960
2026-08-20;18;2026-08;Jueves;SAC;AG01201;60;55;4757;376;750;99
2026-08-20;18;2026-08;Jueves;PQRS;AG02201;60;50;7570;203;344;90
2026-08-20;18;2026-08;Jueves;Venta;AG03201;60;47;646;0;70;2104
2026-08-20;19;2026-08;Jueves;SAC;AG01201;60;45;4311;365;580;81
2026-08-20;19;2026-08;Jueves;PQRS;AG02201;60;56;3377;272;334;101
2026-08-20;19;2026-08;Jueves;Venta;AG03201;60;49;1183;154;93;1510
2026-08-20;20;2026-08;Jueves;SAC;AG01201;60;49;1440;29;268;1203
2026-08-20;20;2026-08;Jueves;PQRS;AG02201;60;53;4622;260;414;95
2026-08-20;20;2026-08;Jueves;Venta;AG03201;60;54;0;0;0;3240
2026-08-20;21;2026-08;Jueves;SAC;AG01201;60;57;2278;170;384;588
2026-08-20;21;2026-08;Jueves;PQRS;AG02201;60;49;1442;16;111;1371
2026-08-20;22;2026-08;Jueves;SAC;AG01201;60;56;1915;267;208;970
2026-08-20;22;2026-08;Jueves;PQRS;AG02201;60;53;978;17;96;2089
2026-08-21;7;2026-08;Viernes;SAC;AG01101;60;53;1744;112;211;1113
2026-08-21;7;2026-08;Viernes;PQRS;AG02101;60;48;1035;14;74;1757
2026-08-21;8;2026-08;Viernes;SAC;AG01101;60;56;2993;57;441;101
2026-08-21;8;2026-08;Viernes;PQRS;AG02101;60;50;3750;146;316;90
2026-08-21;9;2026-08;Viernes;SAC;AG01101;60;53;4142;427;597;95
2026-08-21;9;2026-08;Viernes;PQRS;AG02101;60;54;5993;297;515;97
2026-08-21;9;2026-08;Viernes;Venta;AG03101;60;57;1323;82;85;1930
2026-08-21;10;2026-08;Viernes;SAC;AG01101;60;53;4875;558;814;95
2026-08-21;10;2026-08;Viernes;PQRS;AG02101;60;53;5187;390;489;95
2026-08-21;10;2026-08;Viernes;Venta;AG03101;60;55;2141;83;171;905
2026-08-21;11;2026-08;Viernes;SAC;AG01101;60;55;6356;578;1102;99
2026-08-21;11;2026-08;Viernes;PQRS;AG02101;60;43;4075;96;364;77
2026-08-21;11;2026-08;Viernes;PQRS;AG02102;60;57;3998;225;320;103
2026-08-21;11;2026-08;Viernes;Venta;AG03101;60;49;2573;57;220;90
2026-08-21;12;2026-08;Viernes;SAC;AG01101;60;51;5423;319;897;92
2026-08-21;12;2026-08;Viernes;PQRS;AG02101;60;55;5068;259;390;99
2026-08-21;12;2026-08;Viernes;PQRS;AG02102;60;53;2102;94;227;757
2026-08-21;12;2026-08;Viernes;Venta;AG03101;60;57;4058;149;367;103
2026-08-21;13;2026-08;Viernes;SAC;AG01101;60;55;4334;425;567;99
2026-08-21;13;2026-08;Viernes;PQRS;AG02101;60;52;6932;297;700;94
2026-08-21;13;2026-08;Viernes;Venta;AG03101;60;52;920;42;67;2091
2026-08-21;14;2026-08;Viernes;SAC;AG01101;60;55;6761;405;917;99
2026-08-21;14;2026-08;Viernes;PQRS;AG02101;60;50;4995;302;430;90
2026-08-21;14;2026-08;Viernes;Venta;AG03101;60;52;1671;65;114;1270
2026-08-21;15;2026-08;Viernes;SAC;AG01201;60;56;3527;166;502;101
2026-08-21;15;2026-08;Viernes;PQRS;AG02201;60;46;5052;123;402;83
2026-08-21;15;2026-08;Viernes;Venta;AG03201;60;50;1489;15;80;1416
2026-08-21;16;2026-08;Viernes;SAC;AG01201;60;49;3317;228;572;88
2026-08-21;16;2026-08;Viernes;PQRS;AG02201;60;49;4723;429;431;88
2026-08-21;16;2026-08;Viernes;Venta;AG03201;60;54;0;0;0;3240
2026-08-21;17;2026-08;Viernes;SAC;AG01201;60;49;3533;97;481;88
2026-08-21;17;2026-08;Viernes;PQRS;AG02201;60;55;3467;107;306;99
2026-08-21;17;2026-08;Viernes;Venta;AG03201;60;48;1064;31;123;1662
2026-08-21;18;2026-08;Viernes;SAC;AG01201;60;47;4124;86;738;85
2026-08-21;18;2026-08;Viernes;PQRS;AG02201;60;46;7532;154;649;83
2026-08-21;18;2026-08;Viernes;Venta;AG03201;60;47;2356;148;140;176
2026-08-21;19;2026-08;Viernes;SAC;AG01201;60;49;3461;281;494;88
2026-08-21;19;2026-08;Viernes;PQRS;AG02201;60;55;5559;203;529;99
2026-08-21;19;2026-08;Viernes;Venta;AG03201;60;50;1574;39;146;1241
2026-08-21;20;2026-08;Viernes;SAC;AG01201;60;53;3260;376;570;95
2026-08-21;20;2026-08;Viernes;PQRS;AG02201;60;52;9294;442;702;94
2026-08-21;20;2026-08;Viernes;Venta;AG03201;60;42;1973;162;159;226
2026-08-21;21;2026-08;Viernes;SAC;AG01201;60;46;4255;416;600;83
2026-08-21;21;2026-08;Viernes;PQRS;AG02201;60;53;3097;20;244;95
2026-08-21;22;2026-08;Viernes;SAC;AG01201;60;56;3721;316;403;101
2026-08-21;22;2026-08;Viernes;PQRS;AG02201;60;53;1882;280;170;848
2026-08-22;7;2026-08;Sábado;SAC;AG01101;60;51;842;97;107;2014
2026-08-22;7;2026-08;Sábado;PQRS;AG02101;60;49;695;16;77;2152
2026-08-22;8;2026-08;Sábado;SAC;AG01101;60;47;3171;157;307;85
2026-08-22;8;2026-08;Sábado;PQRS;AG02101;60;51;1320;0;136;1604
2026-08-22;9;2026-08;Sábado;SAC;AG01101;60;46;2913;114;260;83
2026-08-22;9;2026-08;Sábado;PQRS;AG02101;60;53;2928;135;294;95
2026-08-22;9;2026-08;Sábado;Venta;AG03101;60;51;395;0;35;2630
2026-08-22;10;2026-08;Sábado;SAC;AG01101;60;46;1675;143;324;618
2026-08-22;10;2026-08;Sábado;PQRS;AG02101;60;49;2596;283;242;88
2026-08-22;10;2026-08;Sábado;Venta;AG03101;60;56;1471;81;83;1725
2026-08-22;11;2026-08;Sábado;SAC;AG01101;60;49;3189;199;375;88
2026-08-22;11;2026-08;Sábado;PQRS;AG02101;60;53;4319;359;391;95
2026-08-22;11;2026-08;Sábado;Venta;AG03101;60;48;911;0;56;1913
2026-08-22;12;2026-08;Sábado;SAC;AG01101;60;50;3860;521;548;90
2026-08-22;12;2026-08;Sábado;PQRS;AG02101;60;53;5068;482;404;95
2026-08-22;12;2026-08;Sábado;Venta;AG03101;60;51;2290;0;83;687
2026-08-22;13;2026-08;Sábado;SAC;AG01101;60;52;2187;97;321;515
2026-08-22;13;2026-08;Sábado;PQRS;AG02101;60;51;4045;71;490;92
2026-08-22;13;2026-08;Sábado;Venta;AG03101;60;54;839;24;87;2290
2026-08-22;14;2026-08;Sábado;SAC;AG01101;60;52;1599;169;324;1028
2026-08-22;14;2026-08;Sábado;PQRS;AG02101;60;47;2396;169;230;85
2026-08-22;14;2026-08;Sábado;Venta;AG03101;60;49;0;0;0;2940
2026-08-22;15;2026-08;Sábado;SAC;AG01201;60;50;1693;98;206;1003
2026-08-22;15;2026-08;Sábado;PQRS;AG02201;60;54;1262;14;149;1815
2026-08-22;15;2026-08;Sábado;Venta;AG03201;60;54;681;0;27;2532
2026-08-22;16;2026-08;Sábado;SAC;AG01201;60;48;1993;188;321;378
2026-08-22;16;2026-08;Sábado;PQRS;AG02201;60;51;2995;98;291;92
2026-08-22;16;2026-08;Sábado;Venta;AG03201;60;51;293;0;46;2721
2026-08-22;17;2026-08;Sábado;SAC;AG01201;60;54;876;80;184;2100
2026-08-22;17;2026-08;Sábado;PQRS;AG02201;60;50;2027;43;144;786
2026-08-22;17;2026-08;Sábado;Venta;AG03201;60;57;584;106;115;2615
2026-08-22;18;2026-08;Sábado;SAC;AG01201;60;49;2360;117;363;100
2026-08-22;18;2026-08;Sábado;PQRS;AG02201;60;57;3621;319;218;103
2026-08-22;18;2026-08;Sábado;Venta;AG03201;60;51;803;55;53;2149
2026-08-22;19;2026-08;Sábado;SAC;AG01201;60;51;2718;285;435;92
2026-08-22;19;2026-08;Sábado;PQRS;AG02201;60;51;3782;402;277;92
2026-08-22;19;2026-08;Sábado;Venta;AG03201;60;49;925;35;72;1908
2026-08-22;20;2026-08;Sábado;SAC;AG01201;60;45;3057;561;589;81
2026-08-22;20;2026-08;Sábado;PQRS;AG02201;60;53;2371;184;246;379
2026-08-22;20;2026-08;Sábado;Venta;AG03201;60;52;1724;132;141;1123
2026-08-22;21;2026-08;Sábado;SAC;AG01201;60;50;2028;88;327;557
2026-08-22;21;2026-08;Sábado;PQRS;AG02201;60;49;1314;13;136;1477
2026-08-22;22;2026-08;Sábado;SAC;AG01201;60;51;890;42;97;2031
2026-08-22;22;2026-08;Sábado;PQRS;AG02201;60;53;609;0;82;2489
2026-08-23;7;2026-08;Domingo;SAC;AG01101;60;44;0;0;0;2640
2026-08-23;7;2026-08;Domingo;PQRS;AG02101;60;54;323;23;47;2847
2026-08-23;8;2026-08;Domingo;SAC;AG01101;60;54;1218;90;83;1849
2026-08-23;8;2026-08;Domingo;PQRS;AG02101;60;51;1808;39;102;1111
2026-08-23;9;2026-08;Domingo;SAC;AG01101;60;49;856;0;150;1934
2026-08-23;9;2026-08;Domingo;PQRS;AG02101;60;52;3390;46;244;94
2026-08-23;9;2026-08;Domingo;Venta;AG03101;60;51;423;0;32;2605
2026-08-23;10;2026-08;Domingo;SAC;AG01101;60;58;1258;35;149;2038
2026-08-23;10;2026-08;Domingo;PQRS;AG02101;60;54;1934;59;179;1068
2026-08-23;10;2026-08;Domingo;Venta;AG03101;60;52;405;0;24;2691
2026-08-23;11;2026-08;Domingo;SAC;AG01101;60;52;2080;64;332;644
2026-08-23;11;2026-08;Domingo;PQRS;AG02101;60;51;4914;127;340;92
2026-08-23;11;2026-08;Domingo;Venta;AG03101;60;44;496;0;57;2087
2026-08-23;12;2026-08;Domingo;SAC;AG01101;60;53;1841;48;234;1057
2026-08-23;12;2026-08;Domingo;PQRS;AG02101;60;50;3869;105;302;90
2026-08-23;12;2026-08;Domingo;Venta;AG03101;60;47;713;82;54;1971
2026-08-23;13;2026-08;Domingo;SAC;AG01101;60;48;1891;345;295;349
2026-08-23;13;2026-08;Domingo;PQRS;AG02101;60;45;3417;170;257;81
2026-08-23;13;2026-08;Domingo;Venta;AG03101;60;57;671;0;71;2678
2026-08-23;14;2026-08;Domingo;SAC;AG01101;60;54;1684;119;268;1169
2026-08-23;14;2026-08;Domingo;PQRS;AG02101;60;44;2514;104;246;79
2026-08-23;14;2026-08;Domingo;Venta;AG03101;60;51;291;0;29;2740
2026-08-23;15;2026-08;Domingo;SAC;AG01201;60;55;1751;20;289;1240
2026-08-23;15;2026-08;Domingo;PQRS;AG02201;60;52;1914;88;210;908
2026-08-23;15;2026-08;Domingo;Venta;AG03201;60;49;415;0;51;2474
2026-08-23;16;2026-08;Domingo;SAC;AG01201;60;54;1093;159;212;1776
2026-08-23;16;2026-08;Domingo;PQRS;AG02201;60;49;2317;0;141;482
2026-08-23;16;2026-08;Domingo;Venta;AG03201;60;50;0;0;0;3000
2026-08-23;17;2026-08;Domingo;SAC;AG01201;60;53;2721;86;153;220
2026-08-23;17;2026-08;Domingo;PQRS;AG02201;60;57;1672;212;113;1423
2026-08-23;17;2026-08;Domingo;Venta;AG03201;60;53;322;0;50;2808
2026-08-23;18;2026-08;Domingo;SAC;AG01201;60;46;1326;56;196;1182
2026-08-23;18;2026-08;Domingo;PQRS;AG02201;60;50;3392;163;304;90
2026-08-23;18;2026-08;Domingo;Venta;AG03201;60;50;664;0;43;2293
2026-08-23;19;2026-08;Domingo;SAC;AG01201;60;45;2103;109;341;147
2026-08-23;19;2026-08;Domingo;PQRS;AG02201;60;51;2376;61;236;387
2026-08-23;19;2026-08;Domingo;Venta;AG03201;60;50;521;0;86;2393
2026-08-23;20;2026-08;Domingo;SAC;AG01201;60;56;1737;93;270;1260
2026-08-23;20;2026-08;Domingo;PQRS;AG02201;60;51;3423;174;278;92
2026-08-23;20;2026-08;Domingo;Venta;AG03201;60;48;164;0;32;2684
2026-08-23;21;2026-08;Domingo;SAC;AG01201;60;52;727;172;113;2108
2026-08-23;21;2026-08;Domingo;PQRS;AG02201;60;50;4024;212;190;90
2026-08-23;22;2026-08;Domingo;SAC;AG01201;60;50;203;88;31;2678
2026-08-23;22;2026-08;Domingo;PQRS;AG02201;60;53;1227;97;99;1757
2026-08-24;7;2026-08;Lunes;SAC;AG01101;60;56;1229;153;163;1815
2026-08-24;7;2026-08;Lunes;PQRS;AG02101;60;53;1358;0;49;1773
2026-08-24;8;2026-08;Lunes;SAC;AG01101;60;52;2240;146;392;342
2026-08-24;8;2026-08;Lunes;PQRS;AG02101;60;53;1427;88;120;1545
2026-08-24;9;2026-08;Lunes;SAC;AG01101;60;53;1697;180;332;971
2026-08-24;9;2026-08;Lunes;PQRS;AG02101;60;51;2840;168;313;92
2026-08-24;9;2026-08;Lunes;Venta;AG03101;60;51;1094;0;74;1892
2026-08-24;10;2026-08;Lunes;SAC;AG01101;60;53;3012;147;437;95
2026-08-24;10;2026-08;Lunes;PQRS;AG02101;60;48;5209;356;707;86
2026-08-24;10;2026-08;Lunes;Venta;AG03101;60;54;1502;24;122;1592
2026-08-24;11;2026-08;Lunes;SAC;AG01101;60;54;3550;235;482;97
2026-08-24;11;2026-08;Lunes;PQRS;AG02101;60;49;4358;152;446;88
2026-08-24;11;2026-08;Lunes;PQRS;AG02102;60;52;2576;107;271;166
2026-08-24;11;2026-08;Lunes;Venta;AG03101;60;52;1206;0;37;1877
2026-08-24;12;2026-08;Lunes;SAC;AG01101;60;56;3077;231;498;101
2026-08-24;12;2026-08;Lunes;PQRS;AG02101;60;56;3209;69;315;101
2026-08-24;12;2026-08;Lunes;PQRS;AG02102;60;52;1116;36;121;1847
2026-08-24;12;2026-08;Lunes;Venta;AG03101;60;51;3118;231;226;92
2026-08-24;13;2026-08;Lunes;SAC;AG01101;60;57;3799;465;519;103
2026-08-24;13;2026-08;Lunes;PQRS;AG02101;60;47;6856;367;749;85
2026-08-24;13;2026-08;Lunes;Venta;AG03101;60;51;1738;1;187;1134
2026-08-24;14;2026-08;Lunes;SAC;AG01101;60;55;4396;356;744;99
2026-08-24;14;2026-08;Lunes;PQRS;AG02101;60;51;4658;186;535;92
2026-08-24;14;2026-08;Lunes;Venta;AG03101;60;57;2223;86;171;940
2026-08-24;15;2026-08;Lunes;SAC;AG01201;60;54;2552;320;443;97
2026-08-24;15;2026-08;Lunes;PQRS;AG02201;60;50;3684;216;332;90
2026-08-24;15;2026-08;Lunes;Venta;AG03201;60;54;241;16;43;2940
2026-08-24;16;2026-08;Lunes;SAC;AG01201;60;54;1914;130;333;863
2026-08-24;16;2026-08;Lunes;PQRS;AG02201;60;51;5122;277;441;92
2026-08-24;16;2026-08;Lunes;Venta;AG03201;60;57;454;0;37;2929
2026-08-24;17;2026-08;Lunes;SAC;AG01201;60;50;4059;247;644;90
2026-08-24;17;2026-08;Lunes;PQRS;AG02201;60;58;4927;52;365;104
2026-08-24;17;2026-08;Lunes;Venta;AG03201;60;48;938;86;51;1805
2026-08-24;18;2026-08;Lunes;SAC;AG01201;60;45;2636;215;437;81
2026-08-24;18;2026-08;Lunes;PQRS;AG02201;60;54;8532;484;782;97
2026-08-24;18;2026-08;Lunes;Venta;AG03201;60;56;3223;13;149;101
2026-08-24;19;2026-08;Lunes;SAC;AG01201;60;52;4337;238;539;94
2026-08-24;19;2026-08;Lunes;PQRS;AG02201;60;53;5405;160;614;95
2026-08-24;19;2026-08;Lunes;Venta;AG03201;60;54;1708;63;163;1306
2026-08-24;20;2026-08;Lunes;SAC;AG01201;60;50;3001;100;419;90
2026-08-24;20;2026-08;Lunes;PQRS;AG02201;60;52;4460;143;361;94
2026-08-24;20;2026-08;Lunes;Venta;AG03201;60;50;309;0;31;2660
2026-08-24;21;2026-08;Lunes;SAC;AG01201;60;51;4817;210;378;92
2026-08-24;21;2026-08;Lunes;PQRS;AG02201;60;53;2488;101;290;301
2026-08-24;22;2026-08;Lunes;SAC;AG01201;60;55;2063;79;396;762
2026-08-24;22;2026-08;Lunes;PQRS;AG02201;60;54;3135;127;161;97
2026-08-25;7;2026-08;Martes;SAC;AG01101;60;54;1581;170;187;1302
2026-08-25;7;2026-08;Martes;PQRS;AG02101;60;54;1016;105;139;1980
2026-08-25;8;2026-08;Martes;SAC;AG01101;60;54;2685;133;266;156
2026-08-25;8;2026-08;Martes;PQRS;AG02101;60;46;2623;244;215;83
2026-08-25;9;2026-08;Martes;SAC;AG01101;60;51;545;0;139;2376
2026-08-25;9;2026-08;Martes;PQRS;AG02101;60;52;2485;158;216;261
2026-08-25;9;2026-08;Martes;Venta;AG03101;60;50;1750;0;160;1090
2026-08-25;10;2026-08;Martes;SAC;AG01101;60;52;2215;191;406;308
2026-08-25;10;2026-08;Martes;PQRS;AG02101;60;54;6397;350;557;97
2026-08-25;10;2026-08;Martes;Venta;AG03101;60;54;3149;39;223;97
2026-08-25;11;2026-08;Martes;SAC;AG01101;60;51;6286;611;951;92
2026-08-25;11;2026-08;Martes;PQRS;AG02101;60;52;1901;174;189;856
2026-08-25;11;2026-08;Martes;PQRS;AG02102;60;49;3099;323;261;88
2026-08-25;11;2026-08;Martes;Venta;AG03101;60;48;268;80;27;2505
2026-08-25;12;2026-08;Martes;SAC;AG01101;60;55;5166;322;624;99
2026-08-25;12;2026-08;Martes;PQRS;AG02101;60;47;1834;59;201;726
2026-08-25;12;2026-08;Martes;PQRS;AG02102;60;57;2659;77;229;455
2026-08-25;12;2026-08;Martes;Venta;AG03101;60;53;934;88;64;2094
2026-08-25;13;2026-08;Martes;SAC;AG01101;60;47;3762;355;585;85
2026-08-25;13;2026-08;Martes;PQRS;AG02101;60;49;3041;127;259;88
2026-08-25;13;2026-08;Martes;Venta;AG03101;60;50;2040;27;164;769
2026-08-25;14;2026-08;Martes;SAC;AG01101;60;51;5079;286;592;92
2026-08-25;14;2026-08;Martes;PQRS;AG02101;60;49;1509;0;205;1226
2026-08-25;14;2026-08;Martes;Venta;AG03101;60;53;2597;179;200;204
2026-08-25;15;2026-08;Martes;SAC;AG01201;60;56;3116;270;511;101
2026-08-25;15;2026-08;Martes;PQRS;AG02201;60;49;3866;272;350;88
2026-08-25;15;2026-08;Martes;Venta;AG03201;60;54;611;34;42;2553
2026-08-25;16;2026-08;Martes;SAC;AG01201;60;57;3441;187;453;103
2026-08-25;16;2026-08;Martes;PQRS;AG02201;60;56;4461;188;497;101
2026-08-25;16;2026-08;Martes;Venta;AG03201;60;55;732;7;35;2526
2026-08-25;17;2026-08;Martes;SAC;AG01201;60;51;3230;245;469;92
2026-08-25;17;2026-08;Martes;PQRS;AG02201;60;54;4710;154;528;97
2026-08-25;17;2026-08;Martes;Venta;AG03201;60;46;1404;23;114;1219
2026-08-25;18;2026-08;Martes;SAC;AG01201;60;53;3947;394;680;95
2026-08-25;18;2026-08;Martes;PQRS;AG02201;60;53;6418;212;521;95
2026-08-25;18;2026-08;Martes;Venta;AG03201;60;45;1296;30;74;1300
2026-08-25;19;2026-08;Martes;SAC;AG01201;60;53;4771;196;710;95
2026-08-25;19;2026-08;Martes;PQRS;AG02201;60;53;5315;134;428;95
2026-08-25;19;2026-08;Martes;Venta;AG03201;60;55;597;0;22;2681
2026-08-25;20;2026-08;Martes;SAC;AG01201;60;53;2652;282;479;95
2026-08-25;20;2026-08;Martes;PQRS;AG02201;60;48;4547;172;465;86
2026-08-25;20;2026-08;Martes;Venta;AG03201;60;53;720;0;54;2406
2026-08-25;21;2026-08;Martes;SAC;AG01201;60;49;3312;254;475;88
2026-08-25;21;2026-08;Martes;PQRS;AG02201;60;54;3915;74;275;97
2026-08-25;22;2026-08;Martes;SAC;AG01201;60;53;1984;118;283;795
2026-08-25;22;2026-08;Martes;PQRS;AG02201;60;53;0;0;0;3180
2026-08-26;7;2026-08;Miércoles;SAC;AG01101;60;42;1384;117;203;816
2026-08-26;7;2026-08;Miércoles;PQRS;AG02101;60;46;898;8;83;1771
2026-08-26;8;2026-08;Miércoles;SAC;AG01101;60;53;4452;316;507;95
2026-08-26;8;2026-08;Miércoles;PQRS;AG02101;60;52;1495;108;209;1308
2026-08-26;9;2026-08;Miércoles;SAC;AG01101;60;54;2556;257;441;97
2026-08-26;9;2026-08;Miércoles;PQRS;AG02101;60;53;1781;0;167;1232
2026-08-26;9;2026-08;Miércoles;Venta;AG03101;60;50;170;0;24;2806
2026-08-26;10;2026-08;Miércoles;SAC;AG01101;60;42;4531;570;652;76
2026-08-26;10;2026-08;Miércoles;PQRS;AG02101;60;49;6714;158;501;88
2026-08-26;10;2026-08;Miércoles;Venta;AG03101;60;50;138;0;27;2835
2026-08-26;11;2026-08;Miércoles;SAC;AG01101;60;53;3259;611;501;95
2026-08-26;11;2026-08;Miércoles;PQRS;AG02101;60;52;2395;239;248;238
2026-08-26;11;2026-08;Miércoles;Venta;AG03101;60;53;726;0;73;2381
2026-08-26;12;2026-08;Miércoles;SAC;AG01101;60;50;3148;447;419;90
2026-08-26;12;2026-08;Miércoles;PQRS;AG02101;60;52;5554;332;629;94
2026-08-26;12;2026-08;Miércoles;Venta;AG03101;60;52;1760;84;150;1126
2026-08-26;13;2026-08;Miércoles;SAC;AG01101;60;45;3443;280;506;81
2026-08-26;13;2026-08;Miércoles;PQRS;AG02101;60;52;6044;320;570;94
2026-08-26;13;2026-08;Miércoles;Venta;AG03101;60;56;1153;0;84;2123
2026-08-26;14;2026-08;Miércoles;SAC;AG01101;60;49;2282;121;338;199
2026-08-26;14;2026-08;Miércoles;PQRS;AG02101;60;43;1772;20;163;625
2026-08-26;14;2026-08;Miércoles;Venta;AG03101;60;45;2724;28;274;81
2026-08-26;15;2026-08;Miércoles;SAC;AG01201;60;52;2406;300;316;98
2026-08-26;15;2026-08;Miércoles;PQRS;AG02201;60;54;5392;83;501;97
2026-08-26;15;2026-08;Miércoles;Venta;AG03201;60;53;473;43;53;2611
2026-08-26;16;2026-08;Miércoles;SAC;AG01201;60;55;2063;202;351;684
2026-08-26;16;2026-08;Miércoles;PQRS;AG02201;60;53;4891;317;352;95
2026-08-26;16;2026-08;Miércoles;Venta;AG03201;60;57;765;0;124;2531
2026-08-26;17;2026-08;Miércoles;SAC;AG01201;60;51;2089;140;351;480
2026-08-26;17;2026-08;Miércoles;PQRS;AG02201;60;51;4241;121;330;92
2026-08-26;17;2026-08;Miércoles;Venta;AG03201;60;52;4150;121;218;94
2026-08-26;18;2026-08;Miércoles;SAC;AG01201;60;53;1973;112;318;777
2026-08-26;18;2026-08;Miércoles;PQRS;AG02201;60;54;6104;84;510;97
2026-08-26;18;2026-08;Miércoles;Venta;AG03201;60;55;1496;35;131;1638
2026-08-26;19;2026-08;Miércoles;SAC;AG01201;60;50;4691;418;701;90
2026-08-26;19;2026-08;Miércoles;PQRS;AG02201;60;53;4449;59;292;95
2026-08-26;19;2026-08;Miércoles;Venta;AG03201;60;58;1909;31;117;1423
2026-08-26;20;2026-08;Miércoles;SAC;AG01201;60;45;2566;280;427;81
2026-08-26;20;2026-08;Miércoles;PQRS;AG02201;60;51;4228;87;434;92
2026-08-26;20;2026-08;Miércoles;Venta;AG03201;60;48;0;0;0;2880
2026-08-26;21;2026-08;Miércoles;SAC;AG01201;60;52;1822;117;328;853
2026-08-26;21;2026-08;Miércoles;PQRS;AG02201;60;59;3062;124;281;106
2026-08-26;22;2026-08;Miércoles;SAC;AG01201;60;57;3957;183;403;103
2026-08-26;22;2026-08;Miércoles;PQRS;AG02201;60;53;1048;0;109;2023
2026-08-27;7;2026-08;Jueves;SAC;AG01101;60;50;1808;166;177;849
2026-08-27;7;2026-08;Jueves;PQRS;AG02101;60;48;435;0;81;2364
2026-08-27;8;2026-08;Jueves;SAC;AG01101;60;50;2105;113;263;519
2026-08-27;8;2026-08;Jueves;PQRS;AG02101;60;53;2178;181;202;619
2026-08-27;9;2026-08;Jueves;SAC;AG01101;60;54;3612;429;545;97
2026-08-27;9;2026-08;Jueves;PQRS;AG02101;60;51;3167;107;285;92
2026-08-27;9;2026-08;Jueves;Venta;AG03101;60;49;985;92;56;1807
2026-08-27;10;2026-08;Jueves;SAC;AG01101;60;53;3172;98;545;95
2026-08-27;10;2026-08;Jueves;PQRS;AG02101;60;49;2909;172;220;88
2026-08-27;10;2026-08;Jueves;Venta;AG03101;60;51;3971;18;363;92
2026-08-27;11;2026-08;Jueves;SAC;AG01101;60;50;2304;108;284;304
2026-08-27;11;2026-08;Jueves;PQRS;AG02101;60;49;4524;280;593;88
2026-08-27;11;2026-08;Jueves;Venta;AG03101;60;51;2886;0;210;92
2026-08-27;12;2026-08;Jueves;SAC;AG01101;60;54;4201;207;643;97
2026-08-27;12;2026-08;Jueves;PQRS;AG02101;60;54;6109;239;379;97
2026-08-27;12;2026-08;Jueves;Venta;AG03101;60;56;1699;124;192;1345
2026-08-27;13;2026-08;Jueves;SAC;AG01101;60;54;4182;317;686;97
2026-08-27;13;2026-08;Jueves;PQRS;AG02101;60;55;5431;91;449;99
2026-08-27;13;2026-08;Jueves;Venta;AG03101;60;46;1325;9;108;1318
2026-08-27;14;2026-08;Jueves;SAC;AG01101;60;51;2362;44;337;317
2026-08-27;14;2026-08;Jueves;PQRS;AG02101;60;56;4992;187;450;101
2026-08-27;14;2026-08;Jueves;Venta;AG03101;60;54;196;0;24;3020
2026-08-27;15;2026-08;Jueves;SAC;AG01201;60;48;1843;179;371;487
2026-08-27;15;2026-08;Jueves;PQRS;AG02201;60;55;3566;124;318;99
2026-08-27;15;2026-08;Jueves;Venta;AG03201;60;53;1031;59;115;1975
2026-08-27;16;2026-08;Jueves;SAC;AG01201;60;54;1844;184;265;947
2026-08-27;16;2026-08;Jueves;PQRS;AG02201;60;51;2916;89;269;92
2026-08-27;16;2026-08;Jueves;Venta;AG03201;60;52;0;0;0;3120
2026-08-27;17;2026-08;Jueves;SAC;AG01201;60;49;3184;422;535;88
2026-08-27;17;2026-08;Jueves;PQRS;AG02201;60;46;3054;155;299;83
2026-08-27;17;2026-08;Jueves;Venta;AG03201;60;51;750;0;47;2263
2026-08-27;18;2026-08;Jueves;SAC;AG01201;60;47;3546;358;523;85
2026-08-27;18;2026-08;Jueves;PQRS;AG02201;60;56;3444;182;197;101
2026-08-27;18;2026-08;Jueves;Venta;AG03201;60;46;1218;80;67;1395
2026-08-27;19;2026-08;Jueves;SAC;AG01201;60;49;4012;288;697;88
2026-08-27;19;2026-08;Jueves;PQRS;AG02201;60;57;5309;136;506;103
2026-08-27;19;2026-08;Jueves;Venta;AG03201;60;41;1968;98;156;238
2026-08-27;20;2026-08;Jueves;SAC;AG01201;60;51;3672;148;488;92
2026-08-27;20;2026-08;Jueves;PQRS;AG02201;60;50;5729;269;446;90
2026-08-27;20;2026-08;Jueves;Venta;AG03201;60;49;928;27;51;1934
2026-08-27;21;2026-08;Jueves;SAC;AG01201;60;53;2023;166;406;585
2026-08-27;21;2026-08;Jueves;PQRS;AG02201;60;52;2830;117;248;94
2026-08-27;22;2026-08;Jueves;SAC;AG01201;60;51;2102;203;217;538
2026-08-27;22;2026-08;Jueves;PQRS;AG02201;60;52;2580;152;156;232
2026-08-28;7;2026-08;Viernes;SAC;AG01101;60;57;1440;77;210;1693
2026-08-28;7;2026-08;Viernes;PQRS;AG02101;60;50;728;0;56;2216
2026-08-28;8;2026-08;Viernes;SAC;AG01101;60;54;2195;165;347;533
2026-08-28;8;2026-08;Viernes;PQRS;AG02101;60;49;4034;0;338;88
2026-08-28;9;2026-08;Viernes;SAC;AG01101;60;57;1957;88;325;1050
2026-08-28;9;2026-08;Viernes;PQRS;AG02101;60;55;1671;115;248;1266
2026-08-28;9;2026-08;Viernes;Venta;AG03101;60;49;298;0;18;2624
2026-08-28;10;2026-08;Viernes;SAC;AG01101;60;55;4146;276;716;99
2026-08-28;10;2026-08;Viernes;PQRS;AG02101;60;52;4050;232;397;94
2026-08-28;10;2026-08;Viernes;Venta;AG03101;60;54;1748;0;137;1355
2026-08-28;11;2026-08;Viernes;SAC;AG01101;60;56;3771;248;544;101
2026-08-28;11;2026-08;Viernes;PQRS;AG02101;60;50;3445;122;330;90
2026-08-28;11;2026-08;Viernes;PQRS;AG02102;60;46;4347;110;436;83
2026-08-28;11;2026-08;Viernes;Venta;AG03101;60;55;2435;5;155;705
2026-08-28;12;2026-08;Viernes;SAC;AG01101;60;57;4094;439;770;103
2026-08-28;12;2026-08;Viernes;PQRS;AG02101;60;53;4171;323;389;95
2026-08-28;12;2026-08;Viernes;PQRS;AG02102;60;51;2066;71;168;755
2026-08-28;12;2026-08;Viernes;Venta;AG03101;60;46;909;116;75;1660
2026-08-28;13;2026-08;Viernes;SAC;AG01101;60;46;2201;191;396;83
2026-08-28;13;2026-08;Viernes;PQRS;AG02101;60;55;4209;334;343;99
2026-08-28;13;2026-08;Viernes;Venta;AG03101;60;53;740;50;76;2314
2026-08-28;14;2026-08;Viernes;SAC;AG01101;60;54;3052;433;541;97
2026-08-28;14;2026-08;Viernes;PQRS;AG02101;60;49;5969;190;418;88
2026-08-28;14;2026-08;Viernes;Venta;AG03101;60;56;1239;0;72;2049
2026-08-28;15;2026-08;Viernes;SAC;AG01201;60;52;3741;156;515;94
2026-08-28;15;2026-08;Viernes;PQRS;AG02201;60;48;3301;41;252;86
2026-08-28;15;2026-08;Viernes;Venta;AG03201;60;55;643;0;71;2586
2026-08-28;16;2026-08;Viernes;SAC;AG01201;60;45;1348;117;313;922
2026-08-28;16;2026-08;Viernes;PQRS;AG02201;60;53;2119;83;194;784
2026-08-28;16;2026-08;Viernes;Venta;AG03201;60;51;305;52;19;2684
2026-08-28;17;2026-08;Viernes;SAC;AG01201;60;51;3190;419;669;92
2026-08-28;17;2026-08;Viernes;PQRS;AG02201;60;51;5374;15;395;92
2026-08-28;17;2026-08;Viernes;Venta;AG03201;60;56;0;0;0;3360
2026-08-28;18;2026-08;Viernes;SAC;AG01201;60;53;4955;464;764;95
2026-08-28;18;2026-08;Viernes;PQRS;AG02201;60;55;3979;201;327;99
2026-08-28;18;2026-08;Viernes;Venta;AG03201;60;53;626;22;63;2469
2026-08-28;19;2026-08;Viernes;SAC;AG01201;60;51;3129;218;624;92
2026-08-28;19;2026-08;Viernes;PQRS;AG02201;60;52;4107;141;393;94
2026-08-28;19;2026-08;Viernes;Venta;AG03201;60;53;760;0;54;2366
2026-08-28;20;2026-08;Viernes;SAC;AG01201;60;43;3037;346;567;77
2026-08-28;20;2026-08;Viernes;PQRS;AG02201;60;50;5096;317;489;90
2026-08-28;20;2026-08;Viernes;Venta;AG03201;60;57;1524;41;169;1686
2026-08-28;21;2026-08;Viernes;SAC;AG01201;60;50;3475;98;382;90
2026-08-28;21;2026-08;Viernes;PQRS;AG02201;60;50;3508;82;271;90
2026-08-28;22;2026-08;Viernes;SAC;AG01201;60;46;1879;207;216;458
2026-08-28;22;2026-08;Viernes;PQRS;AG02201;60;46;1598;158;119;885
2026-08-29;7;2026-08;Sábado;SAC;AG01101;60;48;554;130;74;2122
2026-08-29;7;2026-08;Sábado;PQRS;AG02101;60;52;1388;51;134;1547
2026-08-29;8;2026-08;Sábado;SAC;AG01101;60;50;1269;22;306;1403
2026-08-29;8;2026-08;Sábado;PQRS;AG02101;60;54;1817;133;221;1069
2026-08-29;9;2026-08;Sábado;SAC;AG01101;60;48;1706;50;331;793
2026-08-29;9;2026-08;Sábado;PQRS;AG02101;60;47;1899;0;218;703
2026-08-29;9;2026-08;Sábado;Venta;AG03101;60;50;708;0;57;2235
2026-08-29;10;2026-08;Sábado;SAC;AG01101;60;48;3327;362;480;86
2026-08-29;10;2026-08;Sábado;PQRS;AG02101;60;42;4264;237;348;76
2026-08-29;10;2026-08;Sábado;Venta;AG03101;60;52;1206;55;104;1755
2026-08-29;11;2026-08;Sábado;SAC;AG01101;60;52;2327;233;290;270
2026-08-29;11;2026-08;Sábado;PQRS;AG02101;60;45;5719;243;616;81
2026-08-29;11;2026-08;Sábado;Venta;AG03101;60;56;1560;87;98;1615
2026-08-29;12;2026-08;Sábado;SAC;AG01101;60;50;2552;197;494;90
2026-08-29;12;2026-08;Sábado;PQRS;AG02101;60;53;5605;244;515;95
2026-08-29;12;2026-08;Sábado;Venta;AG03101;60;46;805;0;45;1910
2026-08-29;13;2026-08;Sábado;SAC;AG01101;60;50;3021;273;399;90
2026-08-29;13;2026-08;Sábado;PQRS;AG02101;60;51;2051;154;196;659
2026-08-29;13;2026-08;Sábado;Venta;AG03101;60;52;1195;118;120;1687
2026-08-29;14;2026-08;Sábado;SAC;AG01101;60;55;3819;298;544;99
2026-08-29;14;2026-08;Sábado;PQRS;AG02101;60;50;1078;15;114;1793
2026-08-29;14;2026-08;Sábado;Venta;AG03101;60;51;655;119;51;2235
2026-08-29;15;2026-08;Sábado;SAC;AG01201;60;50;2480;259;485;90
2026-08-29;15;2026-08;Sábado;PQRS;AG02201;60;53;3299;236;245;95
2026-08-29;15;2026-08;Sábado;Venta;AG03201;60;53;313;0;58;2809
2026-08-29;16;2026-08;Sábado;SAC;AG01201;60;47;1086;121;180;1433
2026-08-29;16;2026-08;Sábado;PQRS;AG02201;60;51;740;133;118;2069
2026-08-29;16;2026-08;Sábado;Venta;AG03201;60;55;259;0;48;2993
2026-08-29;17;2026-08;Sábado;SAC;AG01201;60;54;2002;81;327;830
2026-08-29;17;2026-08;Sábado;PQRS;AG02201;60;47;2120;45;144;511
2026-08-29;17;2026-08;Sábado;Venta;AG03201;60;51;1693;23;208;1136
2026-08-29;18;2026-08;Sábado;SAC;AG01201;60;52;3431;160;593;94
2026-08-29;18;2026-08;Sábado;PQRS;AG02201;60;56;2175;79;171;935
2026-08-29;18;2026-08;Sábado;Venta;AG03201;60;50;1828;12;134;1026
2026-08-29;19;2026-08;Sábado;SAC;AG01201;60;54;2931;242;561;97
2026-08-29;19;2026-08;Sábado;PQRS;AG02201;60;48;5207;79;434;86
2026-08-29;19;2026-08;Sábado;Venta;AG03201;60;52;2391;23;110;596
2026-08-29;20;2026-08;Sábado;SAC;AG01201;60;58;2529;272;425;254
2026-08-29;20;2026-08;Sábado;PQRS;AG02201;60;50;4356;86;360;90
2026-08-29;20;2026-08;Sábado;Venta;AG03201;60;53;1746;214;120;1100
2026-08-29;21;2026-08;Sábado;SAC;AG01201;60;54;982;6;170;2082
2026-08-29;21;2026-08;Sábado;PQRS;AG02201;60;52;2636;63;220;201
2026-08-29;22;2026-08;Sábado;SAC;AG01201;60;52;1748;137;322;913
2026-08-29;22;2026-08;Sábado;PQRS;AG02201;60;49;603;10;81;2246
2026-08-30;7;2026-08;Domingo;SAC;AG01101;60;56;751;277;130;2202
2026-08-30;7;2026-08;Domingo;PQRS;AG02101;60;48;424;0;48;2408
2026-08-30;8;2026-08;Domingo;SAC;AG01101;60;53;1678;0;171;1331
2026-08-30;8;2026-08;Domingo;PQRS;AG02101;60;50;1263;63;142;1532
2026-08-30;9;2026-08;Domingo;SAC;AG01101;60;51;961;42;154;1903
2026-08-30;9;2026-08;Domingo;PQRS;AG02101;60;53;684;108;91;2297
2026-08-30;9;2026-08;Domingo;Venta;AG03101;60;53;0;0;0;3180
2026-08-30;10;2026-08;Domingo;SAC;AG01101;60;56;1779;201;338;1042
2026-08-30;10;2026-08;Domingo;PQRS;AG02101;60;51;1672;49;122;1217
2026-08-30;10;2026-08;Domingo;Venta;AG03101;60;53;2223;25;157;775
2026-08-30;11;2026-08;Domingo;SAC;AG01101;60;55;2286;266;404;344
2026-08-30;11;2026-08;Domingo;PQRS;AG02101;60;56;3437;107;223;101
2026-08-30;11;2026-08;Domingo;Venta;AG03101;60;55;0;0;0;3300
2026-08-30;12;2026-08;Domingo;SAC;AG01101;60;51;4051;307;543;92
2026-08-30;12;2026-08;Domingo;PQRS;AG02101;60;46;1962;123;231;444
2026-08-30;12;2026-08;Domingo;Venta;AG03101;60;48;244;13;26;2597
2026-08-30;13;2026-08;Domingo;SAC;AG01101;60;43;1481;41;234;824
2026-08-30;13;2026-08;Domingo;PQRS;AG02101;60;45;2368;76;215;81
2026-08-30;13;2026-08;Domingo;Venta;AG03101;60;48;750;39;63;2028
2026-08-30;14;2026-08;Domingo;SAC;AG01101;60;47;1323;44;190;1263
2026-08-30;14;2026-08;Domingo;PQRS;AG02101;60;58;4166;264;366;104
2026-08-30;14;2026-08;Domingo;Venta;AG03101;60;47;210;0;39;2571
2026-08-30;15;2026-08;Domingo;SAC;AG01201;60;56;2155;91;305;809
2026-08-30;15;2026-08;Domingo;PQRS;AG02201;60;47;1062;59;103;1596
2026-08-30;15;2026-08;Domingo;Venta;AG03201;60;53;250;41;27;2862
2026-08-30;16;2026-08;Domingo;SAC;AG01201;60;53;685;88;153;2254
2026-08-30;16;2026-08;Domingo;PQRS;AG02201;60;45;1155;22;134;1389
2026-08-30;16;2026-08;Domingo;Venta;AG03201;60;48;500;0;37;2343
2026-08-30;17;2026-08;Domingo;SAC;AG01201;60;51;1295;213;248;1304
2026-08-30;17;2026-08;Domingo;PQRS;AG02201;60;53;3123;203;278;95
2026-08-30;17;2026-08;Domingo;Venta;AG03201;60;58;532;0;27;2921
2026-08-30;18;2026-08;Domingo;SAC;AG01201;60;56;3053;171;439;101
2026-08-30;18;2026-08;Domingo;PQRS;AG02201;60;42;1346;99;122;953
2026-08-30;18;2026-08;Domingo;Venta;AG03201;60;50;473;0;17;2510
2026-08-30;19;2026-08;Domingo;SAC;AG01201;60;53;2094;213;353;520
2026-08-30;19;2026-08;Domingo;PQRS;AG02201;60;45;2490;24;224;81
2026-08-30;19;2026-08;Domingo;Venta;AG03201;60;51;1074;121;96;1769
2026-08-30;20;2026-08;Domingo;SAC;AG01201;60;53;1312;114;148;1606
2026-08-30;20;2026-08;Domingo;PQRS;AG02201;60;55;2184;102;231;783
2026-08-30;20;2026-08;Domingo;Venta;AG03201;60;55;1378;16;162;1744
2026-08-30;21;2026-08;Domingo;SAC;AG01201;60;41;1880;42;328;210
2026-08-30;21;2026-08;Domingo;PQRS;AG02201;60;53;1552;0;131;1497
2026-08-30;22;2026-08;Domingo;SAC;AG01201;60;55;146;45;27;3082
2026-08-30;22;2026-08;Domingo;PQRS;AG02201;60;52;1537;161;129;1293
2026-08-31;7;2026-08;Lunes;SAC;AG01101;60;54;1058;118;160;1904
2026-08-31;7;2026-08;Lunes;PQRS;AG02101;60;53;162;101;43;2874
2026-08-31;8;2026-08;Lunes;SAC;AG01101;60;52;3128;280;521;94
2026-08-31;8;2026-08;Lunes;PQRS;AG02101;60;54;2822;52;268;98
2026-08-31;9;2026-08;Lunes;SAC;AG01101;60;52;3517;264;585;94
2026-08-31;9;2026-08;Lunes;PQRS;AG02101;60;50;5636;301;433;90
2026-08-31;9;2026-08;Lunes;Venta;AG03101;60;51;878;12;38;2132
2026-08-31;10;2026-08;Lunes;SAC;AG01101;60;41;4467;294;792;74
2026-08-31;10;2026-08;Lunes;PQRS;AG02101;60;55;3984;224;411;99
2026-08-31;10;2026-08;Lunes;Venta;AG03101;60;56;2283;88;164;825
2026-08-31;11;2026-08;Lunes;SAC;AG01101;60;54;5107;398;802;97
2026-08-31;11;2026-08;Lunes;PQRS;AG02101;60;51;4266;88;345;92
2026-08-31;11;2026-08;Lunes;PQRS;AG02102;60;48;1828;119;210;723
2026-08-31;11;2026-08;Lunes;Venta;AG03101;60;48;909;41;99;1831
2026-08-31;12;2026-08;Lunes;SAC;AG01101;60;49;4683;307;787;88
2026-08-31;12;2026-08;Lunes;PQRS;AG02101;60;48;1812;0;109;959
2026-08-31;12;2026-08;Lunes;PQRS;AG02102;60;48;2640;12;152;86
2026-08-31;12;2026-08;Lunes;Venta;AG03101;60;55;1268;0;129;1903
2026-08-31;13;2026-08;Lunes;SAC;AG01101;60;52;3221;167;543;94
2026-08-31;13;2026-08;Lunes;PQRS;AG02101;60;49;6018;138;655;88
2026-08-31;13;2026-08;Lunes;Venta;AG03101;60;47;1787;55;144;834
2026-08-31;14;2026-08;Lunes;SAC;AG01101;60;54;3164;107;491;97
2026-08-31;14;2026-08;Lunes;PQRS;AG02101;60;51;1278;117;136;1529
2026-08-31;14;2026-08;Lunes;Venta;AG03101;60;48;772;87;110;1911
2026-08-31;15;2026-08;Lunes;SAC;AG01201;60;50;3638;250;466;90
2026-08-31;15;2026-08;Lunes;PQRS;AG02201;60;49;3151;145;381;88
2026-08-31;15;2026-08;Lunes;Venta;AG03201;60;56;1317;160;62;1821
2026-08-31;16;2026-08;Lunes;SAC;AG01201;60;55;3681;358;614;99
2026-08-31;16;2026-08;Lunes;PQRS;AG02201;60;57;6712;145;480;103
2026-08-31;16;2026-08;Lunes;Venta;AG03201;60;49;705;0;32;2203
2026-08-31;17;2026-08;Lunes;SAC;AG01201;60;55;4053;285;574;99
2026-08-31;17;2026-08;Lunes;PQRS;AG02201;60;53;8019;241;616;95
2026-08-31;17;2026-08;Lunes;Venta;AG03201;60;49;1499;0;94;1347
2026-08-31;18;2026-08;Lunes;SAC;AG01201;60;55;5093;279;712;99
2026-08-31;18;2026-08;Lunes;PQRS;AG02201;60;48;4594;156;354;86
2026-08-31;18;2026-08;Lunes;Venta;AG03201;60;55;362;0;47;2891
2026-08-31;19;2026-08;Lunes;SAC;AG01201;60;47;3750;368;597;85
2026-08-31;19;2026-08;Lunes;PQRS;AG02201;60;55;5245;188;418;99
2026-08-31;19;2026-08;Lunes;Venta;AG03201;60;48;1826;61;164;829
2026-08-31;20;2026-08;Lunes;SAC;AG01201;60;55;3387;282;511;99
2026-08-31;20;2026-08;Lunes;PQRS;AG02201;60;53;6037;322;482;95
2026-08-31;20;2026-08;Lunes;Venta;AG03201;60;55;464;45;35;2756
2026-08-31;21;2026-08;Lunes;SAC;AG01201;60;45;2752;195;399;81
2026-08-31;21;2026-08;Lunes;PQRS;AG02201;60;52;4080;273;330;94
2026-08-31;22;2026-08;Lunes;SAC;AG01201;60;54;1790;91;178;1181
2026-08-31;22;2026-08;Lunes;PQRS;AG02201;60;48;1312;50;134;1384
2026-09-01;7;2026-09;Martes;SAC;AG01101;60;57;199;72;62;3087
2026-09-01;7;2026-09;Martes;PQRS;AG02101;60;58;1115;38;60;2267
2026-09-01;8;2026-09;Martes;SAC;AG01101;60;57;2320;256;345;499
2026-09-01;8;2026-09;Martes;PQRS;AG02101;60;54;2825;79;196;140
2026-09-01;9;2026-09;Martes;SAC;AG01101;60;57;2269;89;326;736
2026-09-01;9;2026-09;Martes;PQRS;AG02101;60;59;2799;178;275;288
2026-09-01;9;2026-09;Martes;Venta;AG03101;60;53;809;21;113;2237
2026-09-01;10;2026-09;Martes;SAC;AG01101;60;58;3261;311;580;104
2026-09-01;10;2026-09;Martes;PQRS;AG02101;60;60;3387;169;339;108
2026-09-01;10;2026-09;Martes;Venta;AG03101;60;58;827;78;86;2489
2026-09-01;11;2026-09;Martes;SAC;AG01101;60;47;2039;292;459;85
2026-09-01;11;2026-09;Martes;PQRS;AG02101;60;53;2105;261;210;604
2026-09-01;11;2026-09;Martes;PQRS;AG02102;60;56;2007;89;91;1173
2026-09-01;11;2026-09;Martes;Venta;AG03101;60;56;1365;83;117;1795
2026-09-01;12;2026-09;Martes;SAC;AG01101;60;59;3383;158;640;106
2026-09-01;12;2026-09;Martes;PQRS;AG02101;60;59;1087;66;57;2330
2026-09-01;12;2026-09;Martes;PQRS;AG02102;60;54;590;0;98;2552
2026-09-01;12;2026-09;Martes;Venta;AG03101;60;56;1938;54;136;1232
2026-09-01;13;2026-09;Martes;SAC;AG01101;60;58;1208;174;217;1881
2026-09-01;13;2026-09;Martes;PQRS;AG02101;60;57;4947;221;457;103
2026-09-01;13;2026-09;Martes;Venta;AG03101;60;59;857;10;109;2564
2026-09-01;14;2026-09;Martes;SAC;AG01101;60;54;1779;214;362;885
2026-09-01;14;2026-09;Martes;PQRS;AG02101;60;59;3450;97;275;106
2026-09-01;14;2026-09;Martes;Venta;AG03101;60;55;1888;0;134;1278
2026-09-01;15;2026-09;Martes;SAC;AG01201;60;51;2247;262;457;94
2026-09-01;15;2026-09;Martes;PQRS;AG02201;60;57;2405;107;210;698
2026-09-01;15;2026-09;Martes;Venta;AG03201;60;57;1352;199;154;1715
2026-09-01;16;2026-09;Martes;SAC;AG01201;60;58;1965;204;392;919
2026-09-01;16;2026-09;Martes;PQRS;AG02201;60;56;1704;62;190;1404
2026-09-01;16;2026-09;Martes;Venta;AG03201;60;54;1941;32;177;1090
2026-09-01;17;2026-09;Martes;SAC;AG01201;60;53;2394;323;523;95
2026-09-01;17;2026-09;Martes;PQRS;AG02201;60;59;1958;39;221;1322
2026-09-01;17;2026-09;Martes;Venta;AG03201;60;57;417;0;92;2911
2026-09-01;18;2026-09;Martes;SAC;AG01201;60;52;2839;197;423;94
2026-09-01;18;2026-09;Martes;PQRS;AG02201;60;55;1671;154;212;1263
2026-09-01;18;2026-09;Martes;Venta;AG03201;60;54;744;26;55;2415
2026-09-01;19;2026-09;Martes;SAC;AG01201;60;55;2529;160;490;121
2026-09-01;19;2026-09;Martes;PQRS;AG02201;60;57;4424;361;338;103
2026-09-01;19;2026-09;Martes;Venta;AG03201;60;55;1009;0;124;2167
2026-09-01;20;2026-09;Martes;SAC;AG01201;60;56;3175;231;608;101
2026-09-01;20;2026-09;Martes;PQRS;AG02201;60;57;2657;129;322;312
2026-09-01;20;2026-09;Martes;Venta;AG03201;60;59;182;0;27;3331
2026-09-01;21;2026-09;Martes;SAC;AG01201;60;57;2895;224;420;103
2026-09-01;21;2026-09;Martes;PQRS;AG02201;60;57;1809;106;173;1332
2026-09-01;22;2026-09;Martes;SAC;AG01201;60;56;1358;197;270;1535
2026-09-01;22;2026-09;Martes;PQRS;AG02201;60;56;1291;90;116;1863
2026-09-02;7;2026-09;Miércoles;SAC;AG01101;60;59;1126;17;216;2181
2026-09-02;7;2026-09;Miércoles;PQRS;AG02101;60;59;1023;61;114;2342
2026-09-02;8;2026-09;Miércoles;SAC;AG01101;60;54;1810;97;201;1132
2026-09-02;8;2026-09;Miércoles;PQRS;AG02101;60;54;3230;157;266;97
2026-09-02;9;2026-09;Miércoles;SAC;AG01101;60;56;1300;112;184;1764
2026-09-02;9;2026-09;Miércoles;PQRS;AG02101;60;57;3767;305;394;103
2026-09-02;9;2026-09;Miércoles;Venta;AG03101;60;58;198;0;61;3221
2026-09-02;10;2026-09;Miércoles;SAC;AG01101;60;59;2160;217;385;778
2026-09-02;10;2026-09;Miércoles;PQRS;AG02101;60;54;4430;281;493;97
2026-09-02;10;2026-09;Miércoles;Venta;AG03101;60;56;1921;153;191;1095
2026-09-02;11;2026-09;Miércoles;SAC;AG01101;60;58;2776;199;434;104
2026-09-02;11;2026-09;Miércoles;PQRS;AG02101;60;58;3438;42;348;104
2026-09-02;11;2026-09;Miércoles;Venta;AG03101;60;56;888;43;94;2335
2026-09-02;12;2026-09;Miércoles;SAC;AG01101;60;56;3099;389;553;101
2026-09-02;12;2026-09;Miércoles;PQRS;AG02101;60;50;5443;282;398;90
2026-09-02;12;2026-09;Miércoles;Venta;AG03101;60;51;905;0;71;2084
2026-09-02;13;2026-09;Miércoles;SAC;AG01101;60;56;1894;92;304;1070
2026-09-02;13;2026-09;Miércoles;PQRS;AG02101;60;59;4294;78;409;106
2026-09-02;13;2026-09;Miércoles;Venta;AG03101;60;55;1189;47;97;1967
2026-09-02;14;2026-09;Miércoles;SAC;AG01101;60;52;2284;305;448;94
2026-09-02;14;2026-09;Miércoles;PQRS;AG02101;60;53;2401;114;310;355
2026-09-02;14;2026-09;Miércoles;Venta;AG03101;60;58;631;0;73;2776
2026-09-02;15;2026-09;Miércoles;SAC;AG01201;60;59;2299;266;393;582
2026-09-02;15;2026-09;Miércoles;PQRS;AG02201;60;59;3535;143;408;106
2026-09-02;15;2026-09;Miércoles;Venta;AG03201;60;57;1143;93;96;2088
2026-09-02;16;2026-09;Miércoles;SAC;AG01201;60;56;2539;199;394;228
2026-09-02;16;2026-09;Miércoles;PQRS;AG02201;60;56;1618;113;174;1455
2026-09-02;16;2026-09;Miércoles;Venta;AG03201;60;56;1552;112;154;1542
2026-09-02;17;2026-09;Miércoles;SAC;AG01201;60;55;1765;185;377;973
2026-09-02;17;2026-09;Miércoles;PQRS;AG02201;60;59;3138;62;340;106
2026-09-02;17;2026-09;Miércoles;Venta;AG03201;60;53;331;17;53;2779
2026-09-02;18;2026-09;Miércoles;SAC;AG01201;60;57;2682;435;506;103
2026-09-02;18;2026-09;Miércoles;PQRS;AG02201;60;55;5475;243;568;99
2026-09-02;18;2026-09;Miércoles;Venta;AG03201;60;59;459;188;57;2836
2026-09-02;19;2026-09;Miércoles;SAC;AG01201;60;57;2785;169;489;103
2026-09-02;19;2026-09;Miércoles;PQRS;AG02201;60;58;4996;112;315;104
2026-09-02;19;2026-09;Miércoles;Venta;AG03201;60;57;0;0;0;3420
2026-09-02;20;2026-09;Miércoles;SAC;AG01201;60;55;1936;117;319;928
2026-09-02;20;2026-09;Miércoles;PQRS;AG02201;60;51;2356;132;192;380
2026-09-02;20;2026-09;Miércoles;Venta;AG03201;60;52;1985;84;104;947
2026-09-02;21;2026-09;Miércoles;SAC;AG01201;60;55;1286;22;268;1724
2026-09-02;21;2026-09;Miércoles;PQRS;AG02201;60;54;2156;176;194;714
2026-09-02;22;2026-09;Miércoles;SAC;AG01201;60;55;989;21;182;2108
2026-09-02;22;2026-09;Miércoles;PQRS;AG02201;60;58;1541;0;157;1782
2026-09-03;7;2026-09;Jueves;SAC;AG01101;60;59;749;70;107;2614
2026-09-03;7;2026-09;Jueves;PQRS;AG02101;60;56;898;26;135;2301
2026-09-03;8;2026-09;Jueves;SAC;AG01101;60;59;3639;190;462;106
2026-09-03;8;2026-09;Jueves;PQRS;AG02101;60;59;1247;55;175;2063
2026-09-03;9;2026-09;Jueves;SAC;AG01101;60;56;2548;123;519;170
2026-09-03;9;2026-09;Jueves;PQRS;AG02101;60;53;1223;109;129;1719
2026-09-03;9;2026-09;Jueves;Venta;AG03101;60;57;284;0;31;3105
2026-09-03;10;2026-09;Jueves;SAC;AG01101;60;55;2029;294;351;626
2026-09-03;10;2026-09;Jueves;PQRS;AG02101;60;59;3150;70;269;106
2026-09-03;10;2026-09;Jueves;Venta;AG03101;60;56;1010;78;96;2176
2026-09-03;11;2026-09;Jueves;SAC;AG01101;60;57;2874;139;432;103
2026-09-03;11;2026-09;Jueves;PQRS;AG02101;60;55;3308;166;257;99
2026-09-03;11;2026-09;Jueves;Venta;AG03101;60;56;678;0;25;2657
2026-09-03;12;2026-09;Jueves;SAC;AG01101;60;59;2107;277;318;838
2026-09-03;12;2026-09;Jueves;PQRS;AG02101;60;47;3739;180;319;85
2026-09-03;12;2026-09;Jueves;Venta;AG03101;60;57;2259;208;191;762
2026-09-03;13;2026-09;Jueves;SAC;AG01101;60;55;2777;247;419;99
2026-09-03;13;2026-09;Jueves;PQRS;AG02101;60;57;5113;277;455;103
2026-09-03;13;2026-09;Jueves;Venta;AG03101;60;57;313;0;46;3061
2026-09-03;14;2026-09;Jueves;SAC;AG01101;60;54;2778;313;523;97
2026-09-03;14;2026-09;Jueves;PQRS;AG02101;60;57;3105;163;352;103
2026-09-03;14;2026-09;Jueves;Venta;AG03101;60;56;432;12;50;2866
2026-09-03;15;2026-09;Jueves;SAC;AG01201;60;58;1878;129;322;1151
2026-09-03;15;2026-09;Jueves;PQRS;AG02201;60;59;2185;57;260;1038
2026-09-03;15;2026-09;Jueves;Venta;AG03201;60;56;1277;0;99;1984
2026-09-03;16;2026-09;Jueves;SAC;AG01201;60;57;1181;26;187;2026
2026-09-03;16;2026-09;Jueves;PQRS;AG02201;60;59;3038;41;275;186
2026-09-03;16;2026-09;Jueves;Venta;AG03201;60;59;501;0;65;2974
2026-09-03;17;2026-09;Jueves;SAC;AG01201;60;58;1756;144;352;1228
2026-09-03;17;2026-09;Jueves;PQRS;AG02201;60;53;5679;349;585;95
2026-09-03;17;2026-09;Jueves;Venta;AG03201;60;54;773;45;73;2349
2026-09-03;18;2026-09;Jueves;SAC;AG01201;60;54;1830;186;252;972
2026-09-03;18;2026-09;Jueves;PQRS;AG02201;60;53;4897;309;607;95
2026-09-03;18;2026-09;Jueves;Venta;AG03201;60;57;683;0;112;2625
2026-09-03;19;2026-09;Jueves;SAC;AG01201;60;57;2603;567;483;103
2026-09-03;19;2026-09;Jueves;PQRS;AG02201;60;53;2450;51;352;327
2026-09-03;19;2026-09;Jueves;Venta;AG03201;60;57;600;0;22;2798
2026-09-03;20;2026-09;Jueves;SAC;AG01201;60;55;2993;117;505;99
2026-09-03;20;2026-09;Jueves;PQRS;AG02201;60;58;4065;97;262;104
2026-09-03;20;2026-09;Jueves;Venta;AG03201;60;55;265;0;25;3010
2026-09-03;21;2026-09;Jueves;SAC;AG01201;60;56;2862;229;400;101
2026-09-03;21;2026-09;Jueves;PQRS;AG02201;60;56;969;0;51;2340
2026-09-03;22;2026-09;Jueves;SAC;AG01201;60;57;753;65;180;2422
2026-09-03;22;2026-09;Jueves;PQRS;AG02201;60;57;1304;18;81;2017
2026-09-04;7;2026-09;Viernes;SAC;AG01101;60;57;1488;92;139;1701
2026-09-04;7;2026-09;Viernes;PQRS;AG02101;60;57;0;0;0;3420
2026-09-04;8;2026-09;Viernes;SAC;AG01101;60;57;2980;130;393;103
2026-09-04;8;2026-09;Viernes;PQRS;AG02101;60;57;466;0;37;2917
2026-09-04;9;2026-09;Viernes;SAC;AG01101;60;52;2243;135;342;400
2026-09-04;9;2026-09;Viernes;PQRS;AG02101;60;55;6016;270;425;99
2026-09-04;9;2026-09;Viernes;Venta;AG03101;60;58;1797;0;128;1555
2026-09-04;10;2026-09;Viernes;SAC;AG01101;60;56;2873;246;519;101
2026-09-04;10;2026-09;Viernes;PQRS;AG02101;60;54;2522;286;283;149
2026-09-04;10;2026-09;Viernes;Venta;AG03101;60;57;428;0;8;2984
2026-09-04;11;2026-09;Viernes;SAC;AG01101;60;58;2172;132;315;861
2026-09-04;11;2026-09;Viernes;PQRS;AG02101;60;55;3360;110;330;99
2026-09-04;11;2026-09;Viernes;PQRS;AG02102;60;54;1878;424;247;691
2026-09-04;11;2026-09;Viernes;Venta;AG03101;60;57;1472;115;172;1661
2026-09-04;12;2026-09;Viernes;SAC;AG01101;60;59;3703;183;604;106
2026-09-04;12;2026-09;Viernes;PQRS;AG02101;60;56;1764;282;175;1139
2026-09-04;12;2026-09;Viernes;PQRS;AG02102;60;57;3016;145;246;103
2026-09-04;12;2026-09;Viernes;Venta;AG03101;60;56;688;0;62;2610
2026-09-04;13;2026-09;Viernes;SAC;AG01101;60;57;3895;383;706;103
2026-09-04;13;2026-09;Viernes;PQRS;AG02101;60;56;3050;129;308;101
2026-09-04;13;2026-09;Viernes;Venta;AG03101;60;56;0;0;0;3360
2026-09-04;14;2026-09;Viernes;SAC;AG01101;60;56;1377;103;344;1536
2026-09-04;14;2026-09;Viernes;PQRS;AG02101;60;58;1722;221;269;1268
2026-09-04;14;2026-09;Viernes;Venta;AG03101;60;53;1090;154;100;1836
2026-09-04;15;2026-09;Viernes;SAC;AG01201;60;55;1640;215;404;1041
2026-09-04;15;2026-09;Viernes;PQRS;AG02201;60;55;3523;115;375;99
2026-09-04;15;2026-09;Viernes;Venta;AG03201;60;55;2426;0;217;657
2026-09-04;16;2026-09;Viernes;SAC;AG01201;60;54;1021;61;137;2021
2026-09-04;16;2026-09;Viernes;PQRS;AG02201;60;56;3332;173;376;101
2026-09-04;16;2026-09;Viernes;Venta;AG03201;60;56;0;0;0;3360
2026-09-04;17;2026-09;Viernes;SAC;AG01201;60;58;3482;298;530;104
2026-09-04;17;2026-09;Viernes;PQRS;AG02201;60;58;3873;186;387;104
2026-09-04;17;2026-09;Viernes;Venta;AG03201;60;58;1147;0;104;2229
2026-09-04;18;2026-09;Viernes;SAC;AG01201;60;59;1752;77;347;1364
2026-09-04;18;2026-09;Viernes;PQRS;AG02201;60;47;3842;182;439;85
2026-09-04;18;2026-09;Viernes;Venta;AG03201;60;57;354;84;24;2958
2026-09-04;19;2026-09;Viernes;SAC;AG01201;60;58;2378;92;415;595
2026-09-04;19;2026-09;Viernes;PQRS;AG02201;60;57;3973;381;403;103
2026-09-04;19;2026-09;Viernes;Venta;AG03201;60;55;168;0;32;3100
2026-09-04;20;2026-09;Viernes;SAC;AG01201;60;57;2256;125;331;708
2026-09-04;20;2026-09;Viernes;PQRS;AG02201;60;57;2996;6;257;161
2026-09-04;20;2026-09;Viernes;Venta;AG03201;60;56;1384;24;161;1791
2026-09-04;21;2026-09;Viernes;SAC;AG01201;60;59;1553;60;245;1682
2026-09-04;21;2026-09;Viernes;PQRS;AG02201;60;56;3026;242;236;101
2026-09-04;22;2026-09;Viernes;SAC;AG01201;60;59;1471;27;164;1878
2026-09-04;22;2026-09;Viernes;PQRS;AG02201;60;57;1837;198;154;1231
2026-09-05;7;2026-09;Sábado;SAC;AG01101;60;51;500;41;132;2387
2026-09-05;7;2026-09;Sábado;PQRS;AG02101;60;58;647;113;74;2646
2026-09-05;8;2026-09;Sábado;SAC;AG01101;60;59;1989;175;346;1030
2026-09-05;8;2026-09;Sábado;PQRS;AG02101;60;59;412;0;40;3088
2026-09-05;9;2026-09;Sábado;SAC;AG01101;60;56;1911;287;333;829
2026-09-05;9;2026-09;Sábado;PQRS;AG02101;60;54;2982;129;239;97
2026-09-05;9;2026-09;Sábado;Venta;AG03101;60;57;184;0;36;3200
2026-09-05;10;2026-09;Sábado;SAC;AG01101;60;58;1075;187;278;1940
2026-09-05;10;2026-09;Sábado;PQRS;AG02101;60;59;3493;184;316;106
2026-09-05;10;2026-09;Sábado;Venta;AG03101;60;58;214;0;27;3239
2026-09-05;11;2026-09;Sábado;SAC;AG01101;60;54;1904;118;384;834
2026-09-05;11;2026-09;Sábado;PQRS;AG02101;60;52;2915;88;323;94
2026-09-05;11;2026-09;Sábado;Venta;AG03101;60;58;645;76;71;2688
2026-09-05;12;2026-09;Sábado;SAC;AG01101;60;57;2734;226;465;103
2026-09-05;12;2026-09;Sábado;PQRS;AG02101;60;56;4854;326;489;101
2026-09-05;12;2026-09;Sábado;Venta;AG03101;60;56;710;0;27;2623
2026-09-05;13;2026-09;Sábado;SAC;AG01101;60;55;3873;240;518;99
2026-09-05;13;2026-09;Sábado;PQRS;AG02101;60;58;3193;66;337;104
2026-09-05;13;2026-09;Sábado;Venta;AG03101;60;52;0;0;0;3120
2026-09-05;14;2026-09;Sábado;SAC;AG01101;60;56;2699;295;600;101
2026-09-05;14;2026-09;Sábado;PQRS;AG02101;60;55;1933;0;148;1219
2026-09-05;14;2026-09;Sábado;Venta;AG03101;60;58;1159;0;74;2247
2026-09-05;15;2026-09;Sábado;SAC;AG01201;60;53;1620;162;223;1175
2026-09-05;15;2026-09;Sábado;PQRS;AG02201;60;58;1858;49;199;1374
2026-09-05;15;2026-09;Sábado;Venta;AG03201;60;57;121;71;29;3199
2026-09-05;16;2026-09;Sábado;SAC;AG01201;60;57;1017;118;258;2027
2026-09-05;16;2026-09;Sábado;PQRS;AG02201;60;56;2129;67;162;1002
2026-09-05;16;2026-09;Sábado;Venta;AG03201;60;57;565;0;60;2795
2026-09-05;17;2026-09;Sábado;SAC;AG01201;60;55;2785;174;409;99
2026-09-05;17;2026-09;Sábado;PQRS;AG02201;60;60;3079;150;256;115
2026-09-05;17;2026-09;Sábado;Venta;AG03201;60;57;2041;233;174;972
2026-09-05;18;2026-09;Sábado;SAC;AG01201;60;59;2629;147;456;308
2026-09-05;18;2026-09;Sábado;PQRS;AG02201;60;58;2153;99;279;949
2026-09-05;18;2026-09;Sábado;Venta;AG03201;60;57;322;57;26;3015
2026-09-05;19;2026-09;Sábado;SAC;AG01201;60;57;2305;105;396;614
2026-09-05;19;2026-09;Sábado;PQRS;AG02201;60;57;4775;35;247;103
2026-09-05;19;2026-09;Sábado;Venta;AG03201;60;58;441;0;41;2998
2026-09-05;20;2026-09;Sábado;SAC;AG01201;60;54;908;115;160;2057
2026-09-05;20;2026-09;Sábado;PQRS;AG02201;60;56;3350;87;254;101
2026-09-05;20;2026-09;Sábado;Venta;AG03201;60;56;827;0;66;2467
2026-09-05;21;2026-09;Sábado;SAC;AG01201;60;58;669;14;153;2644
2026-09-05;21;2026-09;Sábado;PQRS;AG02201;60;58;3189;85;231;104
2026-09-05;22;2026-09;Sábado;SAC;AG01201;60;57;517;36;54;2813
2026-09-05;22;2026-09;Sábado;PQRS;AG02201;60;54;2059;160;209;812
2026-09-06;7;2026-09;Domingo;SAC;AG01101;60;56;670;18;94;2578
2026-09-06;7;2026-09;Domingo;PQRS;AG02101;60;57;857;0;118;2445
2026-09-06;8;2026-09;Domingo;SAC;AG01101;60;55;199;32;64;3005
2026-09-06;8;2026-09;Domingo;PQRS;AG02101;60;53;1312;52;129;1687
2026-09-06;9;2026-09;Domingo;SAC;AG01101;60;57;964;182;176;2098
2026-09-06;9;2026-09;Domingo;PQRS;AG02101;60;56;1377;22;156;1805
2026-09-06;9;2026-09;Domingo;Venta;AG03101;60;53;624;0;64;2492
2026-09-06;10;2026-09;Domingo;SAC;AG01101;60;50;1157;134;209;1500
2026-09-06;10;2026-09;Domingo;PQRS;AG02101;60;54;1857;39;115;1229
2026-09-06;10;2026-09;Domingo;Venta;AG03101;60;57;518;59;77;2766
2026-09-06;11;2026-09;Domingo;SAC;AG01101;60;55;1910;23;338;1029
2026-09-06;11;2026-09;Domingo;PQRS;AG02101;60;53;3224;0;271;95
2026-09-06;11;2026-09;Domingo;Venta;AG03101;60;58;1995;33;81;1371
2026-09-06;12;2026-09;Domingo;SAC;AG01101;60;57;1726;141;338;1215
2026-09-06;12;2026-09;Domingo;PQRS;AG02101;60;57;1655;34;186;1545
2026-09-06;12;2026-09;Domingo;Venta;AG03101;60;55;1582;102;149;1467
2026-09-06;13;2026-09;Domingo;SAC;AG01101;60;55;1269;151;268;1612
2026-09-06;13;2026-09;Domingo;PQRS;AG02101;60;58;3240;112;296;104
2026-09-06;13;2026-09;Domingo;Venta;AG03101;60;59;817;13;29;2681
2026-09-06;14;2026-09;Domingo;SAC;AG01101;60;54;1485;93;281;1381
2026-09-06;14;2026-09;Domingo;PQRS;AG02101;60;58;1388;126;101;1865
2026-09-06;14;2026-09;Domingo;Venta;AG03101;60;55;485;0;62;2753
2026-09-06;15;2026-09;Domingo;SAC;AG01201;60;58;749;79;179;2473
2026-09-06;15;2026-09;Domingo;PQRS;AG02201;60;55;1901;0;148;1251
2026-09-06;15;2026-09;Domingo;Venta;AG03201;60;58;0;0;0;3480
2026-09-06;16;2026-09;Domingo;SAC;AG01201;60;58;781;37;125;2537
2026-09-06;16;2026-09;Domingo;PQRS;AG02201;60;57;2224;150;197;849
2026-09-06;16;2026-09;Domingo;Venta;AG03201;60;57;0;0;0;3420
2026-09-06;17;2026-09;Domingo;SAC;AG01201;60;54;1525;160;370;1185
2026-09-06;17;2026-09;Domingo;PQRS;AG02201;60;53;1618;0;141;1421
2026-09-06;17;2026-09;Domingo;Venta;AG03201;60;56;818;35;84;2423
2026-09-06;18;2026-09;Domingo;SAC;AG01201;60;56;1135;40;201;1984
2026-09-06;18;2026-09;Domingo;PQRS;AG02201;60;57;4029;293;392;103
2026-09-06;18;2026-09;Domingo;Venta;AG03201;60;54;229;20;38;2953
2026-09-06;19;2026-09;Domingo;SAC;AG01201;60;57;1584;160;342;1334
2026-09-06;19;2026-09;Domingo;PQRS;AG02201;60;58;1902;0;163;1415
2026-09-06;19;2026-09;Domingo;Venta;AG03201;60;57;0;0;0;3420
2026-09-06;20;2026-09;Domingo;SAC;AG01201;60;57;1687;361;254;1118
2026-09-06;20;2026-09;Domingo;PQRS;AG02201;60;57;1273;93;134;1920
2026-09-06;20;2026-09;Domingo;Venta;AG03201;60;48;580;0;92;2208
2026-09-06;21;2026-09;Domingo;SAC;AG01201;60;56;573;49;109;2629
2026-09-06;21;2026-09;Domingo;PQRS;AG02201;60;57;2527;8;153;732
2026-09-06;22;2026-09;Domingo;SAC;AG01201;60;56;324;7;74;2955
2026-09-06;22;2026-09;Domingo;PQRS;AG02201;60;51;1356;16;134;1554
2026-09-07;7;2026-09;Lunes;SAC;AG01101;60;57;1544;78;253;1545
2026-09-07;7;2026-09;Lunes;PQRS;AG02101;60;52;1386;0;137;1597
2026-09-07;8;2026-09;Lunes;SAC;AG01101;60;58;1515;134;258;1573
2026-09-07;8;2026-09;Lunes;PQRS;AG02101;60;55;2090;88;214;908
2026-09-07;9;2026-09;Lunes;SAC;AG01101;60;56;3200;231;438;101
2026-09-07;9;2026-09;Lunes;PQRS;AG02101;60;59;6074;244;465;106
2026-09-07;9;2026-09;Lunes;Venta;AG03101;60;57;767;0;62;2591
2026-09-07;10;2026-09;Lunes;SAC;AG01101;60;56;2476;196;548;140
2026-09-07;10;2026-09;Lunes;PQRS;AG02101;60;56;7056;241;612;101
2026-09-07;10;2026-09;Lunes;Venta;AG03101;60;57;1142;24;99;2155
2026-09-07;11;2026-09;Lunes;SAC;AG01101;60;52;3329;206;657;94
2026-09-07;11;2026-09;Lunes;PQRS;AG02101;60;55;3139;0;328;99
2026-09-07;11;2026-09;Lunes;PQRS;AG02102;60;59;2272;49;235;984
2026-09-07;11;2026-09;Lunes;Venta;AG03101;60;54;1024;0;128;2088
2026-09-07;12;2026-09;Lunes;SAC;AG01101;60;53;584;0;118;2478
2026-09-07;12;2026-09;Lunes;PQRS;AG02101;60;55;3187;37;258;99
2026-09-07;12;2026-09;Lunes;PQRS;AG02102;60;56;1316;80;104;1860
2026-09-07;12;2026-09;Lunes;Venta;AG03101;60;56;1257;13;105;1985
2026-09-07;13;2026-09;Lunes;SAC;AG01101;60;55;4433;230;593;99
2026-09-07;13;2026-09;Lunes;PQRS;AG02101;60;58;6532;85;553;104
2026-09-07;13;2026-09;Lunes;Venta;AG03101;60;53;903;0;103;2174
2026-09-07;14;2026-09;Lunes;SAC;AG01101;60;58;2931;195;618;104
2026-09-07;14;2026-09;Lunes;PQRS;AG02101;60;55;5560;182;467;99
2026-09-07;14;2026-09;Lunes;Venta;AG03101;60;57;1365;61;131;1863
2026-09-07;15;2026-09;Lunes;SAC;AG01201;60;48;1810;61;386;623
2026-09-07;15;2026-09;Lunes;PQRS;AG02201;60;59;3348;150;294;106
2026-09-07;15;2026-09;Lunes;Venta;AG03201;60;58;225;0;43;3212
2026-09-07;16;2026-09;Lunes;SAC;AG01201;60;58;2665;202;458;155
2026-09-07;16;2026-09;Lunes;PQRS;AG02201;60;56;3600;68;387;101
2026-09-07;16;2026-09;Lunes;Venta;AG03201;60;51;647;0;74;2339
2026-09-07;17;2026-09;Lunes;SAC;AG01201;60;58;2248;317;395;520
2026-09-07;17;2026-09;Lunes;PQRS;AG02201;60;57;3269;60;344;103
2026-09-07;17;2026-09;Lunes;Venta;AG03201;60;58;709;92;95;2584
2026-09-07;18;2026-09;Lunes;SAC;AG01201;60;52;2604;178;457;94
2026-09-07;18;2026-09;Lunes;PQRS;AG02201;60;57;4492;189;481;103
2026-09-07;18;2026-09;Lunes;Venta;AG03201;60;53;1291;57;79;1753
2026-09-07;19;2026-09;Lunes;SAC;AG01201;60;52;5502;589;761;94
2026-09-07;19;2026-09;Lunes;PQRS;AG02201;60;56;4613;155;563;101
2026-09-07;19;2026-09;Lunes;Venta;AG03201;60;56;812;0;70;2478
2026-09-07;20;2026-09;Lunes;SAC;AG01201;60;59;3740;123;587;106
2026-09-07;20;2026-09;Lunes;PQRS;AG02201;60;58;3964;220;417;104
2026-09-07;20;2026-09;Lunes;Venta;AG03201;60;57;740;0;47;2633
2026-09-07;21;2026-09;Lunes;SAC;AG01201;60;53;4419;459;610;95
2026-09-07;21;2026-09;Lunes;PQRS;AG02201;60;58;5150;78;419;104
2026-09-07;22;2026-09;Lunes;SAC;AG01201;60;57;2159;64;374;823
2026-09-07;22;2026-09;Lunes;PQRS;AG02201;60;55;2581;147;292;280
2026-09-08;7;2026-09;Martes;SAC;AG01101;60;55;497;73;46;2684
2026-09-08;7;2026-09;Martes;PQRS;AG02101;60;56;864;0;83;2413
2026-09-08;8;2026-09;Martes;SAC;AG01101;60;56;1663;46;214;1437
2026-09-08;8;2026-09;Martes;PQRS;AG02101;60;54;2093;249;264;634
2026-09-08;9;2026-09;Martes;SAC;AG01101;60;51;2641;234;489;92
2026-09-08;9;2026-09;Martes;PQRS;AG02101;60;52;2238;0;128;754
2026-09-08;9;2026-09;Martes;Venta;AG03101;60;55;582;17;52;2649
2026-09-08;10;2026-09;Martes;SAC;AG01101;60;56;2149;285;397;529
2026-09-08;10;2026-09;Martes;PQRS;AG02101;60;57;5738;91;438;103
2026-09-08;10;2026-09;Martes;Venta;AG03101;60;56;0;0;0;3360
2026-09-08;11;2026-09;Martes;SAC;AG01101;60;57;4305;371;817;103
2026-09-08;11;2026-09;Martes;PQRS;AG02101;60;52;468;36;101;2515
2026-09-08;11;2026-09;Martes;PQRS;AG02102;60;58;1877;124;202;1277
2026-09-08;11;2026-09;Martes;Venta;AG03101;60;57;1622;0;130;1668
2026-09-08;12;2026-09;Martes;SAC;AG01101;60;55;2392;84;421;403
2026-09-08;12;2026-09;Martes;PQRS;AG02101;60;58;2310;84;237;849
2026-09-08;12;2026-09;Martes;PQRS;AG02102;60;54;2319;0;246;675
2026-09-08;12;2026-09;Martes;Venta;AG03101;60;58;609;5;67;2799
2026-09-08;13;2026-09;Martes;SAC;AG01101;60;59;2069;247;405;819
2026-09-08;13;2026-09;Martes;PQRS;AG02101;60;60;2063;164;269;1104
2026-09-08;13;2026-09;Martes;Venta;AG03101;60;57;323;166;31;2900
2026-09-08;14;2026-09;Martes;SAC;AG01101;60;58;2620;204;330;326
2026-09-08;14;2026-09;Martes;PQRS;AG02101;60;59;4089;69;328;106
2026-09-08;14;2026-09;Martes;Venta;AG03101;60;55;1048;0;78;2174
2026-09-08;15;2026-09;Martes;SAC;AG01201;60;58;1724;177;385;1194
2026-09-08;15;2026-09;Martes;PQRS;AG02201;60;51;3791;132;277;92
2026-09-08;15;2026-09;Martes;Venta;AG03201;60;54;386;12;32;2810
2026-09-08;16;2026-09;Martes;SAC;AG01201;60;54;1403;152;340;1345
2026-09-08;16;2026-09;Martes;PQRS;AG02201;60;55;1357;214;68;1661
2026-09-08;16;2026-09;Martes;Venta;AG03201;60;47;416;0;28;2376
2026-09-08;17;2026-09;Martes;SAC;AG01201;60;57;3096;255;484;103
2026-09-08;17;2026-09;Martes;PQRS;AG02201;60;56;3475;261;341;101
2026-09-08;17;2026-09;Martes;Venta;AG03201;60;58;264;0;34;3182
2026-09-08;18;2026-09;Martes;SAC;AG01201;60;51;2385;231;484;92
2026-09-08;18;2026-09;Martes;PQRS;AG02201;60;53;2081;289;243;567
2026-09-08;18;2026-09;Martes;Venta;AG03201;60;57;543;134;76;2667
2026-09-08;19;2026-09;Martes;SAC;AG01201;60;52;2111;334;469;206
2026-09-08;19;2026-09;Martes;PQRS;AG02201;60;58;2399;91;220;770
2026-09-08;19;2026-09;Martes;Venta;AG03201;60;56;1211;0;129;2020
2026-09-08;20;2026-09;Martes;SAC;AG01201;60;57;1959;66;296;1099
2026-09-08;20;2026-09;Martes;PQRS;AG02201;60;58;4481;407;504;104
2026-09-08;20;2026-09;Martes;Venta;AG03201;60;55;926;0;60;2314
2026-09-08;21;2026-09;Martes;SAC;AG01201;60;56;1024;66;215;2055
2026-09-08;21;2026-09;Martes;PQRS;AG02201;60;58;1503;218;183;1576
2026-09-08;22;2026-09;Martes;SAC;AG01201;60;55;1936;61;264;1039
2026-09-08;22;2026-09;Martes;PQRS;AG02201;60;56;599;0;111;2650
2026-09-09;7;2026-09;Miércoles;SAC;AG01101;60;55;1396;11;162;1731
2026-09-09;7;2026-09;Miércoles;PQRS;AG02101;60;54;913;89;100;2138
2026-09-09;8;2026-09;Miércoles;SAC;AG01101;60;59;1100;0;238;2202
2026-09-09;8;2026-09;Miércoles;PQRS;AG02101;60;55;1592;156;156;1396
2026-09-09;9;2026-09;Miércoles;SAC;AG01101;60;57;1713;168;253;1286
2026-09-09;9;2026-09;Miércoles;PQRS;AG02101;60;53;754;73;85;2268
2026-09-09;9;2026-09;Miércoles;Venta;AG03101;60;58;548;0;33;2899
2026-09-09;10;2026-09;Miércoles;SAC;AG01101;60;56;4141;566;719;101
2026-09-09;10;2026-09;Miércoles;PQRS;AG02101;60;57;2647;60;253;460
2026-09-09;10;2026-09;Miércoles;Venta;AG03101;60;55;660;83;84;2473
2026-09-09;11;2026-09;Miércoles;SAC;AG01101;60;56;2885;180;401;101
2026-09-09;11;2026-09;Miércoles;PQRS;AG02101;60;56;2486;19;286;569
2026-09-09;11;2026-09;Miércoles;Venta;AG03101;60;57;319;0;26;3075
2026-09-09;12;2026-09;Miércoles;SAC;AG01101;60;58;2279;41;324;836
2026-09-09;12;2026-09;Miércoles;PQRS;AG02101;60;57;2276;133;285;726
2026-09-09;12;2026-09;Miércoles;Venta;AG03101;60;58;321;36;78;3045
2026-09-09;13;2026-09;Miércoles;SAC;AG01101;60;55;896;99;182;2123
2026-09-09;13;2026-09;Miércoles;PQRS;AG02101;60;53;4878;91;569;95
2026-09-09;13;2026-09;Miércoles;Venta;AG03101;60;58;494;0;28;2958
2026-09-09;14;2026-09;Miércoles;SAC;AG01101;60;55;1968;78;335;919
2026-09-09;14;2026-09;Miércoles;PQRS;AG02101;60;58;3434;113;347;104
2026-09-09;14;2026-09;Miércoles;Venta;AG03101;60;52;736;0;25;2359
2026-09-09;15;2026-09;Miércoles;SAC;AG01201;60;58;1666;176;378;1260
2026-09-09;15;2026-09;Miércoles;PQRS;AG02201;60;56;2558;198;318;286
2026-09-09;15;2026-09;Miércoles;Venta;AG03201;60;58;538;39;27;2876
2026-09-09;16;2026-09;Miércoles;SAC;AG01201;60;59;1720;494;360;966
2026-09-09;16;2026-09;Miércoles;PQRS;AG02201;60;57;3221;206;312;103
2026-09-09;16;2026-09;Miércoles;Venta;AG03201;60;58;873;0;69;2538
2026-09-09;17;2026-09;Miércoles;SAC;AG01201;60;57;2394;152;363;511
2026-09-09;17;2026-09;Miércoles;PQRS;AG02201;60;55;3572;206;390;99
2026-09-09;17;2026-09;Miércoles;Venta;AG03201;60;55;344;0;24;2932
2026-09-09;18;2026-09;Miércoles;SAC;AG01201;60;58;2346;152;374;608
2026-09-09;18;2026-09;Miércoles;PQRS;AG02201;60;55;2824;371;296;99
2026-09-09;18;2026-09;Miércoles;Venta;AG03201;60;59;718;97;78;2647
2026-09-09;19;2026-09;Miércoles;SAC;AG01201;60;54;3402;247;519;97
2026-09-09;19;2026-09;Miércoles;PQRS;AG02201;60;58;3169;82;279;104
2026-09-09;19;2026-09;Miércoles;Venta;AG03201;60;57;1809;16;221;1374
2026-09-09;20;2026-09;Miércoles;SAC;AG01201;60;59;2351;197;416;576
2026-09-09;20;2026-09;Miércoles;PQRS;AG02201;60;58;3413;85;289;104
2026-09-09;20;2026-09;Miércoles;Venta;AG03201;60;57;690;10;88;2632
2026-09-09;21;2026-09;Miércoles;SAC;AG01201;60;59;1743;235;311;1251
2026-09-09;21;2026-09;Miércoles;PQRS;AG02201;60;54;1313;38;113;1776
2026-09-09;22;2026-09;Miércoles;SAC;AG01201;60;55;1920;124;280;976
2026-09-09;22;2026-09;Miércoles;PQRS;AG02201;60;56;686;70;130;2474
2026-09-10;7;2026-09;Jueves;SAC;AG01101;60;58;1501;116;220;1643
2026-09-10;7;2026-09;Jueves;PQRS;AG02101;60;56;1950;120;164;1126
2026-09-10;8;2026-09;Jueves;SAC;AG01101;60;56;4056;290;502;101
2026-09-10;8;2026-09;Jueves;PQRS;AG02101;60;52;2343;231;232;314
2026-09-10;9;2026-09;Jueves;SAC;AG01101;60;58;4287;345;661;104
2026-09-10;9;2026-09;Jueves;PQRS;AG02101;60;54;3363;298;393;97
2026-09-10;9;2026-09;Jueves;Venta;AG03101;60;58;474;38;55;2913
2026-09-10;10;2026-09;Jueves;SAC;AG01101;60;57;3344;140;505;103
2026-09-10;10;2026-09;Jueves;PQRS;AG02101;60;51;6642;486;712;92
2026-09-10;10;2026-09;Jueves;Venta;AG03101;60;57;1313;72;166;1869
2026-09-10;11;2026-09;Jueves;SAC;AG01101;60;53;5953;707;1125;95
2026-09-10;11;2026-09;Jueves;PQRS;AG02101;60;57;3873;115;325;103
2026-09-10;11;2026-09;Jueves;Venta;AG03101;60;56;2291;160;172;737
2026-09-10;12;2026-09;Jueves;SAC;AG01101;60;58;4968;241;786;104
2026-09-10;12;2026-09;Jueves;PQRS;AG02101;60;59;8366;745;780;106
2026-09-10;12;2026-09;Jueves;Venta;AG03101;60;53;2738;140;282;95
2026-09-10;13;2026-09;Jueves;SAC;AG01101;60;55;4481;682;605;99
2026-09-10;13;2026-09;Jueves;PQRS;AG02101;60;54;5443;146;535;97
2026-09-10;13;2026-09;Jueves;Venta;AG03101;60;59;1699;19;142;1680
2026-09-10;14;2026-09;Jueves;SAC;AG01101;60;55;3864;372;758;99
2026-09-10;14;2026-09;Jueves;PQRS;AG02101;60;55;6359;144;683;99
2026-09-10;14;2026-09;Jueves;Venta;AG03101;60;55;1357;7;142;1794
2026-09-10;15;2026-09;Jueves;SAC;AG01201;60;57;3616;239;674;103
2026-09-10;15;2026-09;Jueves;PQRS;AG02201;60;57;2548;302;270;300
2026-09-10;15;2026-09;Jueves;Venta;AG03201;60;52;572;73;89;2386
2026-09-10;16;2026-09;Jueves;SAC;AG01201;60;57;3513;147;515;103
2026-09-10;16;2026-09;Jueves;PQRS;AG02201;60;51;3982;201;492;92
2026-09-10;16;2026-09;Jueves;Venta;AG03201;60;58;773;27;46;2634
2026-09-10;17;2026-09;Jueves;SAC;AG01201;60;55;4246;265;626;99
2026-09-10;17;2026-09;Jueves;PQRS;AG02201;60;53;5917;323;544;95
2026-09-10;17;2026-09;Jueves;Venta;AG03201;60;54;1211;0;103;1926
2026-09-10;18;2026-09;Jueves;SAC;AG01201;60;57;5594;390;937;103
2026-09-10;18;2026-09;Jueves;PQRS;AG02201;60;50;5888;318;631;90
2026-09-10;18;2026-09;Jueves;Venta;AG03201;60;57;1521;54;132;1713
2026-09-10;19;2026-09;Jueves;SAC;AG01201;60;57;5378;404;900;103
2026-09-10;19;2026-09;Jueves;PQRS;AG02201;60;59;4008;235;331;106
2026-09-10;19;2026-09;Jueves;Venta;AG03201;60;54;1419;139;118;1564
2026-09-10;20;2026-09;Jueves;SAC;AG01201;60;54;3231;178;600;97
2026-09-10;20;2026-09;Jueves;PQRS;AG02201;60;55;5149;87;407;99
2026-09-10;20;2026-09;Jueves;Venta;AG03201;60;58;959;0;63;2458
2026-09-10;21;2026-09;Jueves;SAC;AG01201;60;55;3291;215;399;99
2026-09-10;21;2026-09;Jueves;PQRS;AG02201;60;57;3440;296;362;103
2026-09-10;22;2026-09;Jueves;SAC;AG01201;60;57;1381;185;209;1645
2026-09-10;22;2026-09;Jueves;PQRS;AG02201;60;53;3110;72;289;95
2026-09-11;7;2026-09;Viernes;SAC;AG01101;60;55;1417;52;278;1553
2026-09-11;7;2026-09;Viernes;PQRS;AG02101;60;57;705;32;70;2613
2026-09-11;8;2026-09;Viernes;SAC;AG01101;60;52;3058;334;477;94
2026-09-11;8;2026-09;Viernes;PQRS;AG02101;60;57;2857;35;262;266
2026-09-11;9;2026-09;Viernes;SAC;AG01101;60;53;3791;665;772;95
2026-09-11;9;2026-09;Viernes;PQRS;AG02101;60;56;3342;99;266;101
2026-09-11;9;2026-09;Viernes;Venta;AG03101;60;57;2200;0;151;1069
2026-09-11;10;2026-09;Viernes;SAC;AG01101;60;57;2833;278;562;103
2026-09-11;10;2026-09;Viernes;PQRS;AG02101;60;57;4307;145;451;103
2026-09-11;10;2026-09;Viernes;Venta;AG03101;60;58;857;0;66;2557
2026-09-11;11;2026-09;Viernes;SAC;AG01101;60;58;4501;236;847;104
2026-09-11;11;2026-09;Viernes;PQRS;AG02101;60;58;2156;58;220;1046
2026-09-11;11;2026-09;Viernes;PQRS;AG02102;60;55;2399;60;176;665
2026-09-11;11;2026-09;Viernes;Venta;AG03101;60;55;2608;0;291;401
2026-09-11;12;2026-09;Viernes;SAC;AG01101;60;59;4391;111;774;106
2026-09-11;12;2026-09;Viernes;PQRS;AG02101;60;55;3136;167;380;99
2026-09-11;12;2026-09;Viernes;PQRS;AG02102;60;57;3032;105;289;103
2026-09-11;12;2026-09;Viernes;Venta;AG03101;60;56;841;50;83;2386
2026-09-11;13;2026-09;Viernes;SAC;AG01101;60;59;2540;324;462;214
2026-09-11;13;2026-09;Viernes;PQRS;AG02101;60;55;5792;75;410;99
2026-09-11;13;2026-09;Viernes;Venta;AG03101;60;55;1701;56;178;1365
2026-09-11;14;2026-09;Viernes;SAC;AG01101;60;51;4168;182;674;92
2026-09-11;14;2026-09;Viernes;PQRS;AG02101;60;58;6284;281;699;104
2026-09-11;14;2026-09;Viernes;Venta;AG03101;60;55;572;0;100;2628
2026-09-11;15;2026-09;Viernes;SAC;AG01201;60;58;3177;93;572;104
2026-09-11;15;2026-09;Viernes;PQRS;AG02201;60;55;5211;66;480;99
2026-09-11;15;2026-09;Viernes;Venta;AG03201;60;57;1353;5;54;2008
2026-09-11;16;2026-09;Viernes;SAC;AG01201;60;56;2820;319;581;101
2026-09-11;16;2026-09;Viernes;PQRS;AG02201;60;55;4463;203;375;99
2026-09-11;16;2026-09;Viernes;Venta;AG03201;60;51;1546;226;207;1081
2026-09-11;17;2026-09;Viernes;SAC;AG01201;60;55;4508;404;783;99
2026-09-11;17;2026-09;Viernes;PQRS;AG02201;60;52;4134;316;387;94
2026-09-11;17;2026-09;Viernes;Venta;AG03201;60;58;649;0;36;2795
2026-09-11;18;2026-09;Viernes;SAC;AG01201;60;51;5782;844;936;92
2026-09-11;18;2026-09;Viernes;PQRS;AG02201;60;58;4053;313;462;104
2026-09-11;18;2026-09;Viernes;Venta;AG03201;60;58;1739;0;101;1640
2026-09-11;19;2026-09;Viernes;SAC;AG01201;60;54;3478;630;764;97
2026-09-11;19;2026-09;Viernes;PQRS;AG02201;60;49;5565;263;532;88
2026-09-11;19;2026-09;Viernes;Venta;AG03201;60;57;1246;31;141;2002
2026-09-11;20;2026-09;Viernes;SAC;AG01201;60;57;1977;22;306;1115
2026-09-11;20;2026-09;Viernes;PQRS;AG02201;60;50;3734;130;318;90
2026-09-11;20;2026-09;Viernes;Venta;AG03201;60;58;964;0;68;2448
2026-09-11;21;2026-09;Viernes;SAC;AG01201;60;58;4136;165;617;104
2026-09-11;21;2026-09;Viernes;PQRS;AG02201;60;52;4019;177;395;94
2026-09-11;22;2026-09;Viernes;SAC;AG01201;60;58;1569;170;290;1451
2026-09-11;22;2026-09;Viernes;PQRS;AG02201;60;59;2588;162;242;548
2026-09-12;7;2026-09;Sábado;SAC;AG01101;60;55;1556;26;201;1517
2026-09-12;7;2026-09;Sábado;PQRS;AG02101;60;58;173;56;28;3223
2026-09-12;8;2026-09;Sábado;SAC;AG01101;60;56;1221;19;173;1947
2026-09-12;8;2026-09;Sábado;PQRS;AG02101;60;55;2265;0;88;947
2026-09-12;9;2026-09;Sábado;SAC;AG01101;60;58;2061;200;296;923
2026-09-12;9;2026-09;Sábado;PQRS;AG02101;60;53;1852;35;203;1090
2026-09-12;9;2026-09;Sábado;Venta;AG03101;60;53;605;0;32;2543
2026-09-12;10;2026-09;Sábado;SAC;AG01101;60;56;2168;185;429;578
2026-09-12;10;2026-09;Sábado;PQRS;AG02101;60;56;3353;114;331;101
2026-09-12;10;2026-09;Sábado;Venta;AG03101;60;53;393;0;28;2759
2026-09-12;11;2026-09;Sábado;SAC;AG01101;60;57;2277;90;541;512
2026-09-12;11;2026-09;Sábado;PQRS;AG02101;60;53;2843;72;313;95
2026-09-12;11;2026-09;Sábado;Venta;AG03101;60;59;0;0;0;3540
2026-09-12;12;2026-09;Sábado;SAC;AG01101;60;57;1628;145;267;1380
2026-09-12;12;2026-09;Sábado;PQRS;AG02101;60;54;3663;203;408;97
2026-09-12;12;2026-09;Sábado;Venta;AG03101;60;55;0;0;0;3300
2026-09-12;13;2026-09;Sábado;SAC;AG01101;60;56;2871;194;456;101
2026-09-12;13;2026-09;Sábado;PQRS;AG02101;60;55;2590;59;286;365
2026-09-12;13;2026-09;Sábado;Venta;AG03101;60;54;1724;179;149;1188
2026-09-12;14;2026-09;Sábado;SAC;AG01101;60;57;2075;31;435;879
2026-09-12;14;2026-09;Sábado;PQRS;AG02101;60;57;3677;139;428;103
2026-09-12;14;2026-09;Sábado;Venta;AG03101;60;49;1532;8;94;1306
2026-09-12;15;2026-09;Sábado;SAC;AG01201;60;58;1348;22;227;1883
2026-09-12;15;2026-09;Sábado;PQRS;AG02201;60;58;2606;234;228;412
2026-09-12;15;2026-09;Sábado;Venta;AG03201;60;58;731;39;67;2643
2026-09-12;16;2026-09;Sábado;SAC;AG01201;60;58;643;0;176;2661
2026-09-12;16;2026-09;Sábado;PQRS;AG02201;60;56;3581;161;463;101
2026-09-12;16;2026-09;Sábado;Venta;AG03201;60;52;721;0;19;2380
2026-09-12;17;2026-09;Sábado;SAC;AG01201;60;56;2838;147;420;101
2026-09-12;17;2026-09;Sábado;PQRS;AG02201;60;56;2186;121;221;832
2026-09-12;17;2026-09;Sábado;Venta;AG03201;60;57;1181;48;196;1995
2026-09-12;18;2026-09;Sábado;SAC;AG01201;60;55;3053;12;426;99
2026-09-12;18;2026-09;Sábado;PQRS;AG02201;60;57;2584;165;287;384
2026-09-12;18;2026-09;Sábado;Venta;AG03201;60;52;641;58;120;2301
2026-09-12;19;2026-09;Sábado;SAC;AG01201;60;57;1396;119;247;1658
2026-09-12;19;2026-09;Sábado;PQRS;AG02201;60;55;4397;127;346;99
2026-09-12;19;2026-09;Sábado;Venta;AG03201;60;53;452;0;58;2670
2026-09-12;20;2026-09;Sábado;SAC;AG01201;60;54;1444;58;235;1503
2026-09-12;20;2026-09;Sábado;PQRS;AG02201;60;58;3112;221;302;104
2026-09-12;20;2026-09;Sábado;Venta;AG03201;60;57;830;14;91;2485
2026-09-12;21;2026-09;Sábado;SAC;AG01201;60;52;1625;36;197;1262
2026-09-12;21;2026-09;Sábado;PQRS;AG02201;60;56;1950;55;241;1114
2026-09-12;22;2026-09;Sábado;SAC;AG01201;60;55;1030;301;195;1774
2026-09-12;22;2026-09;Sábado;PQRS;AG02201;60;54;1007;115;114;2004
2026-09-13;7;2026-09;Domingo;SAC;AG01101;60;53;428;38;89;2625
2026-09-13;7;2026-09;Domingo;PQRS;AG02101;60;57;324;0;35;3061
2026-09-13;8;2026-09;Domingo;SAC;AG01101;60;56;612;45;64;2639
2026-09-13;8;2026-09;Domingo;PQRS;AG02101;60;56;271;59;31;2999
2026-09-13;9;2026-09;Domingo;SAC;AG01101;60;57;1374;0;183;1863
2026-09-13;9;2026-09;Domingo;PQRS;AG02101;60;56;806;63;91;2400
2026-09-13;9;2026-09;Domingo;Venta;AG03101;60;58;261;13;30;3176
2026-09-13;10;2026-09;Domingo;SAC;AG01101;60;58;1721;87;358;1314
2026-09-13;10;2026-09;Domingo;PQRS;AG02101;60;57;1785;238;213;1184
2026-09-13;10;2026-09;Domingo;Venta;AG03101;60;57;652;0;95;2673
2026-09-13;11;2026-09;Domingo;SAC;AG01101;60;59;1496;44;266;1734
2026-09-13;11;2026-09;Domingo;PQRS;AG02101;60;54;3035;188;275;97
2026-09-13;11;2026-09;Domingo;Venta;AG03101;60;58;1163;0;152;2165
2026-09-13;12;2026-09;Domingo;SAC;AG01101;60;58;1809;298;332;1041
2026-09-13;12;2026-09;Domingo;PQRS;AG02101;60;58;1043;43;139;2255
2026-09-13;12;2026-09;Domingo;Venta;AG03101;60;53;811;118;95;2156
2026-09-13;13;2026-09;Domingo;SAC;AG01101;60;56;1905;255;323;877
2026-09-13;13;2026-09;Domingo;PQRS;AG02101;60;55;1987;100;284;929
2026-09-13;13;2026-09;Domingo;Venta;AG03101;60;58;752;0;102;2626
2026-09-13;14;2026-09;Domingo;SAC;AG01101;60;56;476;75;95;2714
2026-09-13;14;2026-09;Domingo;PQRS;AG02101;60;57;2626;185;263;346
2026-09-13;14;2026-09;Domingo;Venta;AG03101;60;53;2294;27;103;756
2026-09-13;15;2026-09;Domingo;SAC;AG01201;60;55;754;31;180;2335
2026-09-13;15;2026-09;Domingo;PQRS;AG02201;60;51;1544;73;111;1332
2026-09-13;15;2026-09;Domingo;Venta;AG03201;60;59;1276;53;87;2124
2026-09-13;16;2026-09;Domingo;SAC;AG01201;60;56;1740;42;243;1335
2026-09-13;16;2026-09;Domingo;PQRS;AG02201;60;55;1109;57;80;2054
2026-09-13;16;2026-09;Domingo;Venta;AG03201;60;56;0;0;0;3360
2026-09-13;17;2026-09;Domingo;SAC;AG01201;60;59;1877;64;228;1371
2026-09-13;17;2026-09;Domingo;PQRS;AG02201;60;56;923;114;129;2194
2026-09-13;17;2026-09;Domingo;Venta;AG03201;60;57;906;0;50;2464
2026-09-13;18;2026-09;Domingo;SAC;AG01201;60;57;1209;118;236;1857
2026-09-13;18;2026-09;Domingo;PQRS;AG02201;60;58;2457;98;195;730
2026-09-13;18;2026-09;Domingo;Venta;AG03201;60;52;1239;181;148;1552
2026-09-13;19;2026-09;Domingo;SAC;AG01201;60;59;2663;281;462;134
2026-09-13;19;2026-09;Domingo;PQRS;AG02201;60;52;1620;7;145;1348
2026-09-13;19;2026-09;Domingo;Venta;AG03201;60;57;540;27;73;2780
2026-09-13;20;2026-09;Domingo;SAC;AG01201;60;56;1676;8;264;1412
2026-09-13;20;2026-09;Domingo;PQRS;AG02201;60;55;1806;25;178;1291
2026-09-13;20;2026-09;Domingo;Venta;AG03201;60;59;717;13;42;2768
2026-09-13;21;2026-09;Domingo;SAC;AG01201;60;56;666;180;99;2415
2026-09-13;21;2026-09;Domingo;PQRS;AG02201;60;54;1336;75;169;1660
2026-09-13;22;2026-09;Domingo;SAC;AG01201;60;54;975;93;135;2037
2026-09-13;22;2026-09;Domingo;PQRS;AG02201;60;56;1516;80;183;1581
2026-09-14;7;2026-09;Lunes;SAC;AG01101;60;58;344;0;36;3100
2026-09-14;7;2026-09;Lunes;PQRS;AG02101;60;58;950;0;133;2397
2026-09-14;8;2026-09;Lunes;SAC;AG01101;60;49;2711;191;495;88
2026-09-14;8;2026-09;Lunes;PQRS;AG02101;60;54;747;0;91;2402
2026-09-14;9;2026-09;Lunes;SAC;AG01101;60;54;2194;176;307;563
2026-09-14;9;2026-09;Lunes;PQRS;AG02101;60;56;3568;135;370;101
2026-09-14;9;2026-09;Lunes;Venta;AG03101;60;47;446;120;47;2207
2026-09-14;10;2026-09;Lunes;SAC;AG01101;60;58;2172;70;453;785
2026-09-14;10;2026-09;Lunes;PQRS;AG02101;60;56;4883;159;358;101
2026-09-14;10;2026-09;Lunes;Venta;AG03101;60;56;534;0;27;2799
2026-09-14;11;2026-09;Lunes;SAC;AG01101;60;59;2187;431;431;491
2026-09-14;11;2026-09;Lunes;PQRS;AG02101;60;57;2137;79;156;1048
2026-09-14;11;2026-09;Lunes;PQRS;AG02102;60;53;2667;58;303;152
2026-09-14;11;2026-09;Lunes;Venta;AG03101;60;58;920;0;92;2468
2026-09-14;12;2026-09;Lunes;SAC;AG01101;60;58;3340;224;676;104
2026-09-14;12;2026-09;Lunes;PQRS;AG02101;60;59;799;48;92;2601
2026-09-14;12;2026-09;Lunes;PQRS;AG02102;60;59;3567;52;336;106
2026-09-14;12;2026-09;Lunes;Venta;AG03101;60;56;1742;66;166;1386
2026-09-14;13;2026-09;Lunes;SAC;AG01101;60;58;5777;425;776;104
2026-09-14;13;2026-09;Lunes;PQRS;AG02101;60;54;4547;61;330;97
2026-09-14;13;2026-09;Lunes;Venta;AG03101;60;56;1110;0;39;2211
2026-09-14;14;2026-09;Lunes;SAC;AG01101;60;57;1600;163;390;1267
2026-09-14;14;2026-09;Lunes;PQRS;AG02101;60;57;4548;373;384;103
2026-09-14;14;2026-09;Lunes;Venta;AG03101;60;57;873;144;121;2282
2026-09-14;15;2026-09;Lunes;SAC;AG01201;60;59;2281;308;403;548
2026-09-14;15;2026-09;Lunes;PQRS;AG02201;60;58;2798;238;270;174
2026-09-14;15;2026-09;Lunes;Venta;AG03201;60;59;1480;25;60;1975
2026-09-14;16;2026-09;Lunes;SAC;AG01201;60;57;931;44;204;2241
2026-09-14;16;2026-09;Lunes;PQRS;AG02201;60;58;3864;287;382;104
2026-09-14;16;2026-09;Lunes;Venta;AG03201;60;53;336;0;30;2814
2026-09-14;17;2026-09;Lunes;SAC;AG01201;60;58;2307;256;380;537
2026-09-14;17;2026-09;Lunes;PQRS;AG02201;60;55;2079;16;180;1025
2026-09-14;17;2026-09;Lunes;Venta;AG03201;60;58;946;76;110;2348
2026-09-14;18;2026-09;Lunes;SAC;AG01201;60;56;2018;245;331;766
2026-09-14;18;2026-09;Lunes;PQRS;AG02201;60;57;4912;118;463;103
2026-09-14;18;2026-09;Lunes;Venta;AG03201;60;58;1068;16;65;2331
2026-09-14;19;2026-09;Lunes;SAC;AG01201;60;58;3490;426;588;104
2026-09-14;19;2026-09;Lunes;PQRS;AG02201;60;59;5111;193;380;106
2026-09-14;19;2026-09;Lunes;Venta;AG03201;60;56;1867;143;195;1155
2026-09-14;20;2026-09;Lunes;SAC;AG01201;60;57;3988;228;683;103
2026-09-14;20;2026-09;Lunes;PQRS;AG02201;60;58;2371;99;272;738
2026-09-14;20;2026-09;Lunes;Venta;AG03201;60;57;329;0;38;3053
2026-09-14;21;2026-09;Lunes;SAC;AG01201;60;57;2712;236;475;103
2026-09-14;21;2026-09;Lunes;PQRS;AG02201;60;56;2024;0;321;1015
2026-09-14;22;2026-09;Lunes;SAC;AG01201;60;58;1153;144;202;1981
2026-09-14;22;2026-09;Lunes;PQRS;AG02201;60;56;1986;92;162;1120
2026-09-15;7;2026-09;Martes;SAC;AG01101;60;58;152;0;11;3317
2026-09-15;7;2026-09;Martes;PQRS;AG02101;60;55;576;0;69;2655
2026-09-15;8;2026-09;Martes;SAC;AG01101;60;59;1536;102;231;1671
2026-09-15;8;2026-09;Martes;PQRS;AG02101;60;57;1940;141;193;1146
2026-09-15;9;2026-09;Martes;SAC;AG01101;60;58;1268;97;333;1782
2026-09-15;9;2026-09;Martes;PQRS;AG02101;60;51;3696;297;372;92
2026-09-15;9;2026-09;Martes;Venta;AG03101;60;59;218;0;11;3311
2026-09-15;10;2026-09;Martes;SAC;AG01101;60;55;1640;56;293;1311
2026-09-15;10;2026-09;Martes;PQRS;AG02101;60;59;3011;71;250;208
2026-09-15;10;2026-09;Martes;Venta;AG03101;60;55;904;11;84;2301
2026-09-15;11;2026-09;Martes;SAC;AG01101;60;57;4372;344;547;103
2026-09-15;11;2026-09;Martes;PQRS;AG02101;60;56;860;29;121;2350
2026-09-15;11;2026-09;Martes;PQRS;AG02102;60;54;2372;259;292;317
2026-09-15;11;2026-09;Martes;Venta;AG03101;60;57;0;0;0;3420
2026-09-15;12;2026-09;Martes;SAC;AG01101;60;59;2649;515;507;106
2026-09-15;12;2026-09;Martes;PQRS;AG02101;60;57;2436;21;203;760
2026-09-15;12;2026-09;Martes;PQRS;AG02102;60;57;3469;154;460;103
2026-09-15;12;2026-09;Martes;Venta;AG03101;60;55;864;30;71;2335
2026-09-15;13;2026-09;Martes;SAC;AG01101;60;56;1471;233;317;1339
2026-09-15;13;2026-09;Martes;PQRS;AG02101;60;55;3712;146;311;99
2026-09-15;13;2026-09;Martes;Venta;AG03101;60;52;363;31;52;2674
2026-09-15;14;2026-09;Martes;SAC;AG01101;60;55;1313;42;179;1766
2026-09-15;14;2026-09;Martes;PQRS;AG02101;60;58;3552;11;332;104
2026-09-15;14;2026-09;Martes;Venta;AG03101;60;57;882;62;67;2409
2026-09-15;15;2026-09;Martes;SAC;AG01201;60;52;1002;128;143;1847
2026-09-15;15;2026-09;Martes;PQRS;AG02201;60;56;2276;133;214;737
2026-09-15;15;2026-09;Martes;Venta;AG03201;60;56;607;0;52;2701
2026-09-15;16;2026-09;Martes;SAC;AG01201;60;58;969;33;196;2282
2026-09-15;16;2026-09;Martes;PQRS;AG02201;60;56;2585;69;305;401
2026-09-15;16;2026-09;Martes;Venta;AG03201;60;53;397;0;32;2751
2026-09-15;17;2026-09;Martes;SAC;AG01201;60;58;2233;149;332;766
2026-09-15;17;2026-09;Martes;PQRS;AG02201;60;54;1754;76;207;1203
2026-09-15;17;2026-09;Martes;Venta;AG03201;60;57;252;17;28;3123
2026-09-15;18;2026-09;Martes;SAC;AG01201;60;56;2073;228;397;662
2026-09-15;18;2026-09;Martes;PQRS;AG02201;60;57;3167;190;298;103
2026-09-15;18;2026-09;Martes;Venta;AG03201;60;58;2283;38;243;916
2026-09-15;19;2026-09;Martes;SAC;AG01201;60;52;3343;301;561;94
2026-09-15;19;2026-09;Martes;PQRS;AG02201;60;56;4461;43;441;101
2026-09-15;19;2026-09;Martes;Venta;AG03201;60;58;745;90;85;2560
2026-09-15;20;2026-09;Martes;SAC;AG01201;60;56;3507;84;564;101
2026-09-15;20;2026-09;Martes;PQRS;AG02201;60;57;3744;108;362;103
2026-09-15;20;2026-09;Martes;Venta;AG03201;60;59;143;31;35;3331
2026-09-15;21;2026-09;Martes;SAC;AG01201;60;56;3307;231;501;101
2026-09-15;21;2026-09;Martes;PQRS;AG02201;60;55;2425;21;229;625
2026-09-15;22;2026-09;Martes;SAC;AG01201;60;56;1867;208;276;1009
2026-09-15;22;2026-09;Martes;PQRS;AG02201;60;55;2548;68;95;589
2026-09-16;7;2026-09;Miércoles;SAC;AG01101;60;56;1137;33;197;1993
2026-09-16;7;2026-09;Miércoles;PQRS;AG02101;60;60;1202;0;117;2281
2026-09-16;8;2026-09;Miércoles;SAC;AG01101;60;53;1486;97;229;1368
2026-09-16;8;2026-09;Miércoles;PQRS;AG02101;60;54;1071;0;131;2038
2026-09-16;9;2026-09;Miércoles;SAC;AG01101;60;54;1689;145;403;1003
2026-09-16;9;2026-09;Miércoles;PQRS;AG02101;60;58;4208;163;338;104
2026-09-16;9;2026-09;Miércoles;Venta;AG03101;60;58;398;26;86;2970
2026-09-16;10;2026-09;Miércoles;SAC;AG01101;60;54;1096;0;202;1942
2026-09-16;10;2026-09;Miércoles;PQRS;AG02101;60;58;2845;67;346;222
2026-09-16;10;2026-09;Miércoles;Venta;AG03101;60;54;446;21;32;2741
2026-09-16;11;2026-09;Miércoles;SAC;AG01101;60;58;3850;411;615;104
2026-09-16;11;2026-09;Miércoles;PQRS;AG02101;60;56;3299;159;437;101
2026-09-16;11;2026-09;Miércoles;Venta;AG03101;60;54;333;16;36;2855
2026-09-16;12;2026-09;Miércoles;SAC;AG01101;60;58;2062;183;312;923
2026-09-16;12;2026-09;Miércoles;PQRS;AG02101;60;57;4885;133;483;103
2026-09-16;12;2026-09;Miércoles;Venta;AG03101;60;59;2280;38;248;974
2026-09-16;13;2026-09;Miércoles;SAC;AG01101;60;55;2480;128;458;234
2026-09-16;13;2026-09;Miércoles;PQRS;AG02101;60;55;5392;276;527;99
2026-09-16;13;2026-09;Miércoles;Venta;AG03101;60;50;804;30;70;2096
2026-09-16;14;2026-09;Miércoles;SAC;AG01101;60;53;3702;72;507;95
2026-09-16;14;2026-09;Miércoles;PQRS;AG02101;60;54;2474;23;235;508
2026-09-16;14;2026-09;Miércoles;Venta;AG03101;60;55;796;29;82;2393
2026-09-16;15;2026-09;Miércoles;SAC;AG01201;60;58;1942;96;306;1136
2026-09-16;15;2026-09;Miércoles;PQRS;AG02201;60;57;3575;118;311;103
2026-09-16;15;2026-09;Miércoles;Venta;AG03201;60;54;894;44;137;2165
2026-09-16;16;2026-09;Miércoles;SAC;AG01201;60;57;1545;179;261;1435
2026-09-16;16;2026-09;Miércoles;PQRS;AG02201;60;57;1899;0;138;1383
2026-09-16;16;2026-09;Miércoles;Venta;AG03201;60;57;221;91;31;3077
2026-09-16;17;2026-09;Miércoles;SAC;AG01201;60;57;3251;187;570;103
2026-09-16;17;2026-09;Miércoles;PQRS;AG02201;60;55;4096;93;360;99
2026-09-16;17;2026-09;Miércoles;Venta;AG03201;60;54;0;0;0;3240
2026-09-16;18;2026-09;Miércoles;SAC;AG01201;60;53;1471;92;233;1384
2026-09-16;18;2026-09;Miércoles;PQRS;AG02201;60;58;2285;131;244;820
2026-09-16;18;2026-09;Miércoles;Venta;AG03201;60;59;504;71;68;2897
2026-09-16;19;2026-09;Miércoles;SAC;AG01201;60;59;2353;87;465;635
2026-09-16;19;2026-09;Miércoles;PQRS;AG02201;60;56;2985;366;340;101
2026-09-16;19;2026-09;Miércoles;Venta;AG03201;60;57;457;0;32;2931
2026-09-16;20;2026-09;Miércoles;SAC;AG01201;60;50;3018;452;427;90
2026-09-16;20;2026-09;Miércoles;PQRS;AG02201;60;55;2146;194;228;732
2026-09-16;20;2026-09;Miércoles;Venta;AG03201;60;57;762;38;66;2554
2026-09-16;21;2026-09;Miércoles;SAC;AG01201;60;57;2648;204;398;170
2026-09-16;21;2026-09;Miércoles;PQRS;AG02201;60;55;4212;219;288;99
2026-09-16;22;2026-09;Miércoles;SAC;AG01201;60;55;385;0;76;2839
2026-09-16;22;2026-09;Miércoles;PQRS;AG02201;60;53;987;0;155;2038
2026-09-17;7;2026-09;Jueves;SAC;AG01101;60;53;1021;52;169;1938
2026-09-17;7;2026-09;Jueves;PQRS;AG02101;60;57;673;55;19;2673
2026-09-17;8;2026-09;Jueves;SAC;AG01101;60;58;1258;166;216;1840
2026-09-17;8;2026-09;Jueves;PQRS;AG02101;60;58;2394;0;202;884
2026-09-17;9;2026-09;Jueves;SAC;AG01101;60;53;2460;144;374;202
2026-09-17;9;2026-09;Jueves;PQRS;AG02101;60;55;2270;79;257;694
2026-09-17;9;2026-09;Jueves;Venta;AG03101;60;51;0;0;0;3060
2026-09-17;10;2026-09;Jueves;SAC;AG01101;60;56;1793;87;328;1152
2026-09-17;10;2026-09;Jueves;PQRS;AG02101;60;59;2686;0;221;633
2026-09-17;10;2026-09;Jueves;Venta;AG03101;60;53;0;0;0;3180
2026-09-17;11;2026-09;Jueves;SAC;AG01101;60;55;3025;184;543;99
2026-09-17;11;2026-09;Jueves;PQRS;AG02101;60;52;2804;169;305;94
2026-09-17;11;2026-09;Jueves;Venta;AG03101;60;59;650;0;101;2789
2026-09-17;12;2026-09;Jueves;SAC;AG01101;60;58;2980;232;509;104
2026-09-17;12;2026-09;Jueves;PQRS;AG02101;60;59;6291;27;606;106
2026-09-17;12;2026-09;Jueves;Venta;AG03101;60;57;544;0;75;2801
2026-09-17;13;2026-09;Jueves;SAC;AG01101;60;53;2566;326;524;95
2026-09-17;13;2026-09;Jueves;PQRS;AG02101;60;59;4147;108;378;106
2026-09-17;13;2026-09;Jueves;Venta;AG03101;60;54;558;90;64;2528
2026-09-17;14;2026-09;Jueves;SAC;AG01101;60;56;1676;91;310;1283
2026-09-17;14;2026-09;Jueves;PQRS;AG02101;60;57;3478;96;365;103
2026-09-17;14;2026-09;Jueves;Venta;AG03101;60;59;1852;0;142;1546
2026-09-17;15;2026-09;Jueves;SAC;AG01201;60;57;758;54;213;2395
2026-09-17;15;2026-09;Jueves;PQRS;AG02201;60;55;4888;172;447;99
2026-09-17;15;2026-09;Jueves;Venta;AG03201;60;53;0;0;0;3180
2026-09-17;16;2026-09;Jueves;SAC;AG01201;60;56;1357;207;222;1574
2026-09-17;16;2026-09;Jueves;PQRS;AG02201;60;57;3799;272;450;103
2026-09-17;16;2026-09;Jueves;Venta;AG03201;60;58;279;0;37;3164
2026-09-17;17;2026-09;Jueves;SAC;AG01201;60;58;2018;145;382;935
2026-09-17;17;2026-09;Jueves;PQRS;AG02201;60;58;2662;118;264;436
2026-09-17;17;2026-09;Jueves;Venta;AG03201;60;59;570;0;54;2916
2026-09-17;18;2026-09;Jueves;SAC;AG01201;60;56;3118;306;512;101
2026-09-17;18;2026-09;Jueves;PQRS;AG02201;60;54;4179;122;394;97
2026-09-17;18;2026-09;Jueves;Venta;AG03201;60;57;310;37;74;2999
2026-09-17;19;2026-09;Jueves;SAC;AG01201;60;58;3377;196;647;104
2026-09-17;19;2026-09;Jueves;PQRS;AG02201;60;50;4165;50;389;90
2026-09-17;19;2026-09;Jueves;Venta;AG03201;60;54;573;14;57;2596
2026-09-17;20;2026-09;Jueves;SAC;AG01201;60;57;2815;271;597;103
2026-09-17;20;2026-09;Jueves;PQRS;AG02201;60;56;3791;183;381;101
2026-09-17;20;2026-09;Jueves;Venta;AG03201;60;58;855;1;70;2554
2026-09-17;21;2026-09;Jueves;SAC;AG01201;60;55;4135;137;367;99
2026-09-17;21;2026-09;Jueves;PQRS;AG02201;60;53;2275;49;210;646
2026-09-17;22;2026-09;Jueves;SAC;AG01201;60;55;1191;31;179;1899
2026-09-17;22;2026-09;Jueves;PQRS;AG02201;60;54;1365;83;116;1676
2026-09-18;7;2026-09;Viernes;SAC;AG01101;60;56;664;0;128;2568
2026-09-18;7;2026-09;Viernes;PQRS;AG02101;60;58;1143;0;40;2297
2026-09-18;8;2026-09;Viernes;SAC;AG01101;60;53;1710;295;242;933
2026-09-18;8;2026-09;Viernes;PQRS;AG02101;60;56;1040;44;113;2163
2026-09-18;9;2026-09;Viernes;SAC;AG01101;60;56;1261;167;216;1716
2026-09-18;9;2026-09;Viernes;PQRS;AG02101;60;47;3384;143;353;85
2026-09-18;9;2026-09;Viernes;Venta;AG03101;60;59;1349;114;121;1956
2026-09-18;10;2026-09;Viernes;SAC;AG01101;60;58;3639;241;482;104
2026-09-18;10;2026-09;Viernes;PQRS;AG02101;60;56;6026;83;492;101
2026-09-18;10;2026-09;Viernes;Venta;AG03101;60;57;1698;99;143;1480
2026-09-18;11;2026-09;Viernes;SAC;AG01101;60;53;2994;479;516;95
2026-09-18;11;2026-09;Viernes;PQRS;AG02101;60;57;2090;24;190;1116
2026-09-18;11;2026-09;Viernes;PQRS;AG02102;60;54;2048;79;227;886
2026-09-18;11;2026-09;Viernes;Venta;AG03101;60;51;357;0;30;2673
2026-09-18;12;2026-09;Viernes;SAC;AG01101;60;55;2767;148;529;99
2026-09-18;12;2026-09;Viernes;PQRS;AG02101;60;59;2105;50;202;1183
2026-09-18;12;2026-09;Viernes;PQRS;AG02102;60;56;2318;29;214;799
2026-09-18;12;2026-09;Viernes;Venta;AG03101;60;54;404;0;18;2818
2026-09-18;13;2026-09;Viernes;SAC;AG01101;60;53;2073;350;329;428
2026-09-18;13;2026-09;Viernes;PQRS;AG02101;60;57;3955;259;551;103
2026-09-18;13;2026-09;Viernes;Venta;AG03101;60;56;1214;71;147;1928
2026-09-18;14;2026-09;Viernes;SAC;AG01101;60;58;2100;79;375;926
2026-09-18;14;2026-09;Viernes;PQRS;AG02101;60;57;3906;22;448;103
2026-09-18;14;2026-09;Viernes;Venta;AG03101;60;58;0;0;0;3480
2026-09-18;15;2026-09;Viernes;SAC;AG01201;60;56;1424;62;266;1608
2026-09-18;15;2026-09;Viernes;PQRS;AG02201;60;56;1863;235;231;1031
2026-09-18;15;2026-09;Viernes;Venta;AG03201;60;54;949;0;73;2218
2026-09-18;16;2026-09;Viernes;SAC;AG01201;60;56;1952;40;314;1054
2026-09-18;16;2026-09;Viernes;PQRS;AG02201;60;56;2822;209;303;101
2026-09-18;16;2026-09;Viernes;Venta;AG03201;60;58;961;62;120;2337
2026-09-18;17;2026-09;Viernes;SAC;AG01201;60;58;3199;193;632;104
2026-09-18;17;2026-09;Viernes;PQRS;AG02201;60;57;3965;272;306;103
2026-09-18;17;2026-09;Viernes;Venta;AG03201;60;55;956;0;124;2220
2026-09-18;18;2026-09;Viernes;SAC;AG01201;60;47;2646;328;383;85
2026-09-18;18;2026-09;Viernes;PQRS;AG02201;60;58;5176;383;455;104
2026-09-18;18;2026-09;Viernes;Venta;AG03201;60;54;964;0;93;2183
2026-09-18;19;2026-09;Viernes;SAC;AG01201;60;55;2726;188;501;99
2026-09-18;19;2026-09;Viernes;PQRS;AG02201;60;55;5619;229;529;99
2026-09-18;19;2026-09;Viernes;Venta;AG03201;60;56;1778;58;140;1384
2026-09-18;20;2026-09;Viernes;SAC;AG01201;60;56;2965;226;527;101
2026-09-18;20;2026-09;Viernes;PQRS;AG02201;60;57;2354;85;250;731
2026-09-18;20;2026-09;Viernes;Venta;AG03201;60;54;954;29;106;2151
2026-09-18;21;2026-09;Viernes;SAC;AG01201;60;54;2416;114;362;348
2026-09-18;21;2026-09;Viernes;PQRS;AG02201;60;57;3429;72;286;103
2026-09-18;22;2026-09;Viernes;SAC;AG01201;60;56;1289;82;260;1729
2026-09-18;22;2026-09;Viernes;PQRS;AG02201;60;53;2370;132;175;503
2026-09-19;7;2026-09;Sábado;SAC;AG01101;60;59;345;0;87;3108
2026-09-19;7;2026-09;Sábado;PQRS;AG02101;60;58;1169;8;86;2217
2026-09-19;8;2026-09;Sábado;SAC;AG01101;60;52;2049;48;285;738
2026-09-19;8;2026-09;Sábado;PQRS;AG02101;60;57;900;71;92;2357
2026-09-19;9;2026-09;Sábado;SAC;AG01101;60;57;2048;103;297;972
2026-09-19;9;2026-09;Sábado;PQRS;AG02101;60;57;1464;98;208;1650
2026-09-19;9;2026-09;Sábado;Venta;AG03101;60;55;442;0;31;2827
2026-09-19;10;2026-09;Sábado;SAC;AG01101;60;56;3145;3;464;101
2026-09-19;10;2026-09;Sábado;PQRS;AG02101;60;58;3037;241;314;104
2026-09-19;10;2026-09;Sábado;Venta;AG03101;60;58;1164;35;53;2228
2026-09-19;11;2026-09;Sábado;SAC;AG01101;60;54;2381;130;422;307
2026-09-19;11;2026-09;Sábado;PQRS;AG02101;60;57;4142;145;392;103
2026-09-19;11;2026-09;Sábado;Venta;AG03101;60;56;843;0;125;2392
2026-09-19;12;2026-09;Sábado;SAC;AG01101;60;53;1607;108;271;1194
2026-09-19;12;2026-09;Sábado;PQRS;AG02101;60;54;3593;247;459;97
2026-09-19;12;2026-09;Sábado;Venta;AG03101;60;58;327;0;36;3117
2026-09-19;13;2026-09;Sábado;SAC;AG01101;60;54;1898;74;295;973
2026-09-19;13;2026-09;Sábado;PQRS;AG02101;60;56;2289;108;264;699
2026-09-19;13;2026-09;Sábado;Venta;AG03101;60;52;269;40;36;2775
2026-09-19;14;2026-09;Sábado;SAC;AG01101;60;58;2365;166;398;551
2026-09-19;14;2026-09;Sábado;PQRS;AG02101;60;60;2457;190;289;664
2026-09-19;14;2026-09;Sábado;Venta;AG03101;60;52;840;59;105;2116
2026-09-19;15;2026-09;Sábado;SAC;AG01201;60;51;1204;109;125;1622
2026-09-19;15;2026-09;Sábado;PQRS;AG02201;60;58;1034;71;160;2215
2026-09-19;15;2026-09;Sábado;Venta;AG03201;60;58;439;65;44;2932
2026-09-19;16;2026-09;Sábado;SAC;AG01201;60;58;2260;39;383;798
2026-09-19;16;2026-09;Sábado;PQRS;AG02201;60;58;1402;115;93;1870
2026-09-19;16;2026-09;Sábado;Venta;AG03201;60;55;0;0;0;3300
2026-09-19;17;2026-09;Sábado;SAC;AG01201;60;59;1968;28;305;1239
2026-09-19;17;2026-09;Sábado;PQRS;AG02201;60;58;2699;268;172;341
2026-09-19;17;2026-09;Sábado;Venta;AG03201;60;57;664;97;63;2596
2026-09-19;18;2026-09;Sábado;SAC;AG01201;60;54;1703;112;260;1165
2026-09-19;18;2026-09;Sábado;PQRS;AG02201;60;56;3275;114;315;101
2026-09-19;18;2026-09;Sábado;Venta;AG03201;60;56;257;51;15;3037
2026-09-19;19;2026-09;Sábado;SAC;AG01201;60;55;1936;183;352;829
2026-09-19;19;2026-09;Sábado;PQRS;AG02201;60;57;3762;324;343;103
2026-09-19;19;2026-09;Sábado;Venta;AG03201;60;48;479;34;65;2302
2026-09-19;20;2026-09;Sábado;SAC;AG01201;60;58;2005;35;396;1044
2026-09-19;20;2026-09;Sábado;PQRS;AG02201;60;53;3373;31;314;95
2026-09-19;20;2026-09;Sábado;Venta;AG03201;60;53;753;10;62;2355
2026-09-19;21;2026-09;Sábado;SAC;AG01201;60;58;1403;200;267;1610
2026-09-19;21;2026-09;Sábado;PQRS;AG02201;60;57;355;0;40;3025
2026-09-19;22;2026-09;Sábado;SAC;AG01201;60;55;641;64;146;2449
2026-09-19;22;2026-09;Sábado;PQRS;AG02201;60;55;1551;0;127;1622
2026-09-20;7;2026-09;Domingo;SAC;AG01101;60;59;133;0;27;3380
2026-09-20;7;2026-09;Domingo;PQRS;AG02101;60;56;405;0;92;2863
2026-09-20;8;2026-09;Domingo;SAC;AG01101;60;58;1664;197;256;1363
2026-09-20;8;2026-09;Domingo;PQRS;AG02101;60;59;919;0;72;2549
2026-09-20;9;2026-09;Domingo;SAC;AG01101;60;58;732;61;164;2523
2026-09-20;9;2026-09;Domingo;PQRS;AG02101;60;56;664;119;80;2497
2026-09-20;9;2026-09;Domingo;Venta;AG03101;60;54;0;0;0;3240
2026-09-20;10;2026-09;Domingo;SAC;AG01101;60;58;1753;118;371;1238
2026-09-20;10;2026-09;Domingo;PQRS;AG02101;60;52;1707;100;214;1099
2026-09-20;10;2026-09;Domingo;Venta;AG03101;60;56;553;0;39;2768
2026-09-20;11;2026-09;Domingo;SAC;AG01101;60;56;837;216;167;2140
2026-09-20;11;2026-09;Domingo;PQRS;AG02101;60;58;1008;8;170;2294
2026-09-20;11;2026-09;Domingo;Venta;AG03101;60;57;257;0;55;3108
2026-09-20;12;2026-09;Domingo;SAC;AG01101;60;57;1435;361;250;1374
2026-09-20;12;2026-09;Domingo;PQRS;AG02101;60;56;2808;85;355;112
2026-09-20;12;2026-09;Domingo;Venta;AG03101;60;57;721;23;110;2566
2026-09-20;13;2026-09;Domingo;SAC;AG01101;60;58;1060;80;268;2072
2026-09-20;13;2026-09;Domingo;PQRS;AG02101;60;58;3989;130;324;104
2026-09-20;13;2026-09;Domingo;Venta;AG03101;60;54;0;0;0;3240
2026-09-20;14;2026-09;Domingo;SAC;AG01101;60;59;1271;57;186;2026
2026-09-20;14;2026-09;Domingo;PQRS;AG02101;60;57;2598;66;202;554
2026-09-20;14;2026-09;Domingo;Venta;AG03101;60;58;674;0;36;2770
2026-09-20;15;2026-09;Domingo;SAC;AG01201;60;56;960;93;106;2201
2026-09-20;15;2026-09;Domingo;PQRS;AG02201;60;55;2621;59;302;318
2026-09-20;15;2026-09;Domingo;Venta;AG03201;60;56;625;0;30;2705
2026-09-20;16;2026-09;Domingo;SAC;AG01201;60;59;1295;117;193;1935
2026-09-20;16;2026-09;Domingo;PQRS;AG02201;60;58;1116;23;91;2250
2026-09-20;16;2026-09;Domingo;Venta;AG03201;60;58;567;0;24;2889
2026-09-20;17;2026-09;Domingo;SAC;AG01201;60;53;1642;287;269;982
2026-09-20;17;2026-09;Domingo;PQRS;AG02201;60;53;1050;165;140;1825
2026-09-20;17;2026-09;Domingo;Venta;AG03201;60;60;321;0;18;3261
2026-09-20;18;2026-09;Domingo;SAC;AG01201;60;59;1395;68;213;1864
2026-09-20;18;2026-09;Domingo;PQRS;AG02201;60;57;4472;207;395;103
2026-09-20;18;2026-09;Domingo;Venta;AG03201;60;55;1230;102;70;1898
2026-09-20;19;2026-09;Domingo;SAC;AG01201;60;56;948;103;139;2170
2026-09-20;19;2026-09;Domingo;PQRS;AG02201;60;58;3302;170;287;104
2026-09-20;19;2026-09;Domingo;Venta;AG03201;60;53;727;0;138;2315
2026-09-20;20;2026-09;Domingo;SAC;AG01201;60;49;1105;0;169;1666
2026-09-20;20;2026-09;Domingo;PQRS;AG02201;60;58;1544;375;200;1361
2026-09-20;20;2026-09;Domingo;Venta;AG03201;60;58;1730;26;128;1596
2026-09-20;21;2026-09;Domingo;SAC;AG01201;60;53;2753;247;297;95
2026-09-20;21;2026-09;Domingo;PQRS;AG02201;60;53;1321;0;100;1759
2026-09-20;22;2026-09;Domingo;SAC;AG01201;60;58;290;31;73;3086
2026-09-20;22;2026-09;Domingo;PQRS;AG02201;60;59;1409;104;127;1900
2026-09-21;7;2026-09;Lunes;SAC;AG01101;60;59;823;47;130;2540
2026-09-21;7;2026-09;Lunes;PQRS;AG02101;60;57;2720;289;257;154
2026-09-21;8;2026-09;Lunes;SAC;AG01101;60;52;1060;36;254;1770
2026-09-21;8;2026-09;Lunes;PQRS;AG02101;60;54;3314;118;338;97
2026-09-21;9;2026-09;Lunes;SAC;AG01101;60;49;1728;67;361;784
2026-09-21;9;2026-09;Lunes;PQRS;AG02101;60;53;4815;219;446;95
2026-09-21;9;2026-09;Lunes;Venta;AG03101;60;59;282;0;24;3234
2026-09-21;10;2026-09;Lunes;SAC;AG01101;60;55;2116;60;373;751
2026-09-21;10;2026-09;Lunes;PQRS;AG02101;60;54;6137;374;469;97
2026-09-21;10;2026-09;Lunes;Venta;AG03101;60;58;319;0;34;3127
2026-09-21;11;2026-09;Lunes;SAC;AG01101;60;54;3426;189;610;97
2026-09-21;11;2026-09;Lunes;PQRS;AG02101;60;57;1177;142;140;1961
2026-09-21;11;2026-09;Lunes;PQRS;AG02102;60;59;2331;19;158;1032
2026-09-21;11;2026-09;Lunes;Venta;AG03101;60;58;1932;37;206;1305
2026-09-21;12;2026-09;Lunes;SAC;AG01101;60;54;4488;157;749;97
2026-09-21;12;2026-09;Lunes;PQRS;AG02101;60;52;1889;95;146;990
2026-09-21;12;2026-09;Lunes;PQRS;AG02102;60;53;1584;89;282;1225
2026-09-21;12;2026-09;Lunes;Venta;AG03101;60;59;431;70;36;3003
2026-09-21;13;2026-09;Lunes;SAC;AG01101;60;59;4735;596;742;106
2026-09-21;13;2026-09;Lunes;PQRS;AG02101;60;58;5187;348;511;104
2026-09-21;13;2026-09;Lunes;Venta;AG03101;60;55;1047;66;95;2092
2026-09-21;14;2026-09;Lunes;SAC;AG01101;60;57;2919;278;373;103
2026-09-21;14;2026-09;Lunes;PQRS;AG02101;60;56;4751;111;393;101
2026-09-21;14;2026-09;Lunes;Venta;AG03101;60;59;1738;76;143;1583
2026-09-21;15;2026-09;Lunes;SAC;AG01201;60;59;1562;231;282;1465
2026-09-21;15;2026-09;Lunes;PQRS;AG02201;60;56;1606;50;192;1512
2026-09-21;15;2026-09;Lunes;Venta;AG03201;60;58;646;0;68;2766
2026-09-21;16;2026-09;Lunes;SAC;AG01201;60;55;1741;33;416;1110
2026-09-21;16;2026-09;Lunes;PQRS;AG02201;60;57;2419;223;226;552
2026-09-21;16;2026-09;Lunes;Venta;AG03201;60;56;1441;19;131;1769
2026-09-21;17;2026-09;Lunes;SAC;AG01201;60;54;1779;305;316;840
2026-09-21;17;2026-09;Lunes;PQRS;AG02201;60;58;3765;381;318;104
2026-09-21;17;2026-09;Lunes;Venta;AG03201;60;57;592;26;49;2753
2026-09-21;18;2026-09;Lunes;SAC;AG01201;60;59;2878;48;547;106
2026-09-21;18;2026-09;Lunes;PQRS;AG02201;60;57;3292;313;388;103
2026-09-21;18;2026-09;Lunes;Venta;AG03201;60;58;0;0;0;3480
2026-09-21;19;2026-09;Lunes;SAC;AG01201;60;57;2616;251;505;103
2026-09-21;19;2026-09;Lunes;PQRS;AG02201;60;54;5226;176;500;97
2026-09-21;19;2026-09;Lunes;Venta;AG03201;60;58;329;66;43;3042
2026-09-21;20;2026-09;Lunes;SAC;AG01201;60;55;3263;257;463;99
2026-09-21;20;2026-09;Lunes;PQRS;AG02201;60;54;4090;145;350;97
2026-09-21;20;2026-09;Lunes;Venta;AG03201;60;58;1317;116;153;1894
2026-09-21;21;2026-09;Lunes;SAC;AG01201;60;58;1564;102;298;1516
2026-09-21;21;2026-09;Lunes;PQRS;AG02201;60;60;1761;0;137;1702
2026-09-21;22;2026-09;Lunes;SAC;AG01201;60;59;2123;341;232;844
2026-09-21;22;2026-09;Lunes;PQRS;AG02201;60;55;3227;172;330;99
2026-09-22;7;2026-09;Martes;SAC;AG01101;60;59;809;110;126;2495
2026-09-22;7;2026-09;Martes;PQRS;AG02101;60;55;0;0;0;3300
2026-09-22;8;2026-09;Martes;SAC;AG01101;60;58;1299;185;185;1811
2026-09-22;8;2026-09;Martes;PQRS;AG02101;60;56;1387;210;161;1602
2026-09-22;9;2026-09;Martes;SAC;AG01101;60;59;3277;566;485;106
2026-09-22;9;2026-09;Martes;PQRS;AG02101;60;55;1947;182;177;994
2026-09-22;9;2026-09;Martes;Venta;AG03101;60;55;1498;69;199;1534
2026-09-22;10;2026-09;Martes;SAC;AG01101;60;59;1963;237;283;1057
2026-09-22;10;2026-09;Martes;PQRS;AG02101;60;59;2930;115;212;283
2026-09-22;10;2026-09;Martes;Venta;AG03101;60;56;150;35;46;3129
2026-09-22;11;2026-09;Martes;SAC;AG01101;60;53;1973;307;476;424
2026-09-22;11;2026-09;Martes;PQRS;AG02101;60;59;1387;60;163;1930
2026-09-22;11;2026-09;Martes;PQRS;AG02102;60;49;1452;0;219;1269
2026-09-22;11;2026-09;Martes;Venta;AG03101;60;58;1098;0;112;2270
2026-09-22;12;2026-09;Martes;SAC;AG01101;60;55;3326;435;598;99
2026-09-22;12;2026-09;Martes;PQRS;AG02101;60;58;3482;18;365;104
2026-09-22;12;2026-09;Martes;PQRS;AG02102;60;60;1632;24;167;1777
2026-09-22;12;2026-09;Martes;Venta;AG03101;60;53;2863;226;196;95
2026-09-22;13;2026-09;Martes;SAC;AG01101;60;55;4028;183;667;99
2026-09-22;13;2026-09;Martes;PQRS;AG02101;60;58;2825;139;281;235
2026-09-22;13;2026-09;Martes;Venta;AG03101;60;59;222;0;30;3288
2026-09-22;14;2026-09;Martes;SAC;AG01101;60;55;2414;307;336;243
2026-09-22;14;2026-09;Martes;PQRS;AG02101;60;59;1994;22;143;1381
2026-09-22;14;2026-09;Martes;Venta;AG03101;60;59;1066;0;113;2361
2026-09-22;15;2026-09;Martes;SAC;AG01201;60;55;1432;271;338;1259
2026-09-22;15;2026-09;Martes;PQRS;AG02201;60;54;688;0;57;2495
2026-09-22;15;2026-09;Martes;Venta;AG03201;60;54;491;0;75;2674
2026-09-22;16;2026-09;Martes;SAC;AG01201;60;58;3023;191;640;104
2026-09-22;16;2026-09;Martes;PQRS;AG02201;60;57;2964;54;264;138
2026-09-22;16;2026-09;Martes;Venta;AG03201;60;55;575;54;49;2622
2026-09-22;17;2026-09;Martes;SAC;AG01201;60;57;1001;1;242;2176
2026-09-22;17;2026-09;Martes;PQRS;AG02201;60;59;2939;112;383;106
2026-09-22;17;2026-09;Martes;Venta;AG03201;60;58;703;14;102;2661
2026-09-22;18;2026-09;Martes;SAC;AG01201;60;52;744;24;195;2157
2026-09-22;18;2026-09;Martes;PQRS;AG02201;60;54;3669;205;350;97
2026-09-22;18;2026-09;Martes;Venta;AG03201;60;59;1291;77;132;2040
2026-09-22;19;2026-09;Martes;SAC;AG01201;60;57;2557;228;268;367
2026-09-22;19;2026-09;Martes;PQRS;AG02201;60;57;6035;357;477;103
2026-09-22;19;2026-09;Martes;Venta;AG03201;60;57;3102;109;378;103
2026-09-22;20;2026-09;Martes;SAC;AG01201;60;53;2384;280;470;95
2026-09-22;20;2026-09;Martes;PQRS;AG02201;60;56;1901;211;223;1025
2026-09-22;20;2026-09;Martes;Venta;AG03201;60;56;898;13;72;2377
2026-09-22;21;2026-09;Martes;SAC;AG01201;60;53;2171;59;309;641
2026-09-22;21;2026-09;Martes;PQRS;AG02201;60;56;1531;90;250;1489
2026-09-22;22;2026-09;Martes;SAC;AG01201;60;56;997;75;110;2178
2026-09-22;22;2026-09;Martes;PQRS;AG02201;60;53;853;47;82;2198
2026-09-23;7;2026-09;Miércoles;SAC;AG01101;60;54;725;63;85;2367
2026-09-23;7;2026-09;Miércoles;PQRS;AG02101;60;55;281;0;60;2959
2026-09-23;8;2026-09;Miércoles;SAC;AG01101;60;54;2855;110;398;97
2026-09-23;8;2026-09;Miércoles;PQRS;AG02101;60;57;1409;58;136;1817
2026-09-23;9;2026-09;Miércoles;SAC;AG01101;60;58;1953;143;304;1080
2026-09-23;9;2026-09;Miércoles;PQRS;AG02101;60;58;1717;250;209;1304
2026-09-23;9;2026-09;Miércoles;Venta;AG03101;60;57;882;60;103;2375
2026-09-23;10;2026-09;Miércoles;SAC;AG01101;60;57;3460;285;588;103
2026-09-23;10;2026-09;Miércoles;PQRS;AG02101;60;55;4573;145;402;99
2026-09-23;10;2026-09;Miércoles;Venta;AG03101;60;56;1266;148;101;1845
2026-09-23;11;2026-09;Miércoles;SAC;AG01101;60;54;4139;385;621;97
2026-09-23;11;2026-09;Miércoles;PQRS;AG02101;60;54;4283;594;403;97
2026-09-23;11;2026-09;Miércoles;Venta;AG03101;60;56;782;24;53;2501
2026-09-23;12;2026-09;Miércoles;SAC;AG01101;60;56;1988;433;352;587
2026-09-23;12;2026-09;Miércoles;PQRS;AG02101;60;56;2341;218;260;541
2026-09-23;12;2026-09;Miércoles;Venta;AG03101;60;51;1594;97;150;1219
2026-09-23;13;2026-09;Miércoles;SAC;AG01101;60;57;2792;65;439;124
2026-09-23;13;2026-09;Miércoles;PQRS;AG02101;60;58;2985;114;278;104
2026-09-23;13;2026-09;Miércoles;Venta;AG03101;60;56;1044;183;125;2008
2026-09-23;14;2026-09;Miércoles;SAC;AG01101;60;55;2307;361;381;251
2026-09-23;14;2026-09;Miércoles;PQRS;AG02101;60;57;2714;94;284;328
2026-09-23;14;2026-09;Miércoles;Venta;AG03101;60;57;1204;30;106;2080
2026-09-23;15;2026-09;Miércoles;SAC;AG01201;60;57;3043;497;492;103
2026-09-23;15;2026-09;Miércoles;PQRS;AG02201;60;50;2161;264;261;314
2026-09-23;15;2026-09;Miércoles;Venta;AG03201;60;57;0;0;0;3420
2026-09-23;16;2026-09;Miércoles;SAC;AG01201;60;59;2712;280;452;106
2026-09-23;16;2026-09;Miércoles;PQRS;AG02201;60;58;2005;52;239;1184
2026-09-23;16;2026-09;Miércoles;Venta;AG03201;60;56;668;0;67;2625
2026-09-23;17;2026-09;Miércoles;SAC;AG01201;60;58;1471;81;190;1738
2026-09-23;17;2026-09;Miércoles;PQRS;AG02201;60;55;3542;60;387;99
2026-09-23;17;2026-09;Miércoles;Venta;AG03201;60;55;1019;21;102;2158
2026-09-23;18;2026-09;Miércoles;SAC;AG01201;60;55;2450;271;417;162
2026-09-23;18;2026-09;Miércoles;PQRS;AG02201;60;58;2686;44;350;400
2026-09-23;18;2026-09;Miércoles;Venta;AG03201;60;55;1485;15;80;1720
2026-09-23;19;2026-09;Miércoles;SAC;AG01201;60;56;2888;451;415;101
2026-09-23;19;2026-09;Miércoles;PQRS;AG02201;60;60;5492;74;407;108
2026-09-23;19;2026-09;Miércoles;Venta;AG03201;60;57;1141;0;93;2186
2026-09-23;20;2026-09;Miércoles;SAC;AG01201;60;58;2074;184;321;901
2026-09-23;20;2026-09;Miércoles;PQRS;AG02201;60;55;3947;340;293;99
2026-09-23;20;2026-09;Miércoles;Venta;AG03201;60;59;1765;0;142;1633
2026-09-23;21;2026-09;Miércoles;SAC;AG01201;60;54;1104;96;239;1801
2026-09-23;21;2026-09;Miércoles;PQRS;AG02201;60;56;3385;82;257;101
2026-09-23;22;2026-09;Miércoles;SAC;AG01201;60;55;2164;147;372;617
2026-09-23;22;2026-09;Miércoles;PQRS;AG02201;60;59;1406;133;199;1802
2026-09-24;7;2026-09;Jueves;SAC;AG01101;60;59;1418;0;167;1955
2026-09-24;7;2026-09;Jueves;PQRS;AG02101;60;49;1164;5;85;1686
2026-09-24;8;2026-09;Jueves;SAC;AG01101;60;58;1678;45;201;1556
2026-09-24;8;2026-09;Jueves;PQRS;AG02101;60;57;1178;20;108;2114
2026-09-24;9;2026-09;Jueves;SAC;AG01101;60;54;2237;171;369;463
2026-09-24;9;2026-09;Jueves;PQRS;AG02101;60;57;1981;111;258;1070
2026-09-24;9;2026-09;Jueves;Venta;AG03101;60;54;862;0;47;2331
2026-09-24;10;2026-09;Jueves;SAC;AG01101;60;54;2316;305;428;191
2026-09-24;10;2026-09;Jueves;PQRS;AG02101;60;55;4216;115;377;99
2026-09-24;10;2026-09;Jueves;Venta;AG03101;60;57;329;0;22;3069
2026-09-24;11;2026-09;Jueves;SAC;AG01101;60;52;2995;227;478;94
2026-09-24;11;2026-09;Jueves;PQRS;AG02101;60;56;5432;63;474;101
2026-09-24;11;2026-09;Jueves;Venta;AG03101;60;50;732;20;99;2149
2026-09-24;12;2026-09;Jueves;SAC;AG01101;60;58;2055;173;450;802
2026-09-24;12;2026-09;Jueves;PQRS;AG02101;60;55;2989;184;349;99
2026-09-24;12;2026-09;Jueves;Venta;AG03101;60;57;1211;26;93;2090
2026-09-24;13;2026-09;Jueves;SAC;AG01101;60;56;1277;155;245;1683
2026-09-24;13;2026-09;Jueves;PQRS;AG02101;60;51;2977;250;313;92
2026-09-24;13;2026-09;Jueves;Venta;AG03101;60;53;1113;0;76;1991
2026-09-24;14;2026-09;Jueves;SAC;AG01101;60;58;2041;53;349;1037
2026-09-24;14;2026-09;Jueves;PQRS;AG02101;60;57;4215;209;373;103
2026-09-24;14;2026-09;Jueves;Venta;AG03101;60;54;0;0;0;3240
2026-09-24;15;2026-09;Jueves;SAC;AG01201;60;53;1872;150;372;786
2026-09-24;15;2026-09;Jueves;PQRS;AG02201;60;53;2734;39;231;176
2026-09-24;15;2026-09;Jueves;Venta;AG03201;60;59;887;0;93;2560
2026-09-24;16;2026-09;Jueves;SAC;AG01201;60;54;1775;108;369;988
2026-09-24;16;2026-09;Jueves;PQRS;AG02201;60;53;4020;83;325;95
2026-09-24;16;2026-09;Jueves;Venta;AG03201;60;57;461;49;28;2882
2026-09-24;17;2026-09;Jueves;SAC;AG01201;60;53;2369;48;425;338
2026-09-24;17;2026-09;Jueves;PQRS;AG02201;60;54;3254;66;335;97
2026-09-24;17;2026-09;Jueves;Venta;AG03201;60;56;505;27;83;2745
2026-09-24;18;2026-09;Jueves;SAC;AG01201;60;53;2501;373;317;95
2026-09-24;18;2026-09;Jueves;PQRS;AG02201;60;57;2027;114;234;1045
2026-09-24;18;2026-09;Jueves;Venta;AG03201;60;58;858;0;91;2531
2026-09-24;19;2026-09;Jueves;SAC;AG01201;60;57;3141;327;579;103
2026-09-24;19;2026-09;Jueves;PQRS;AG02201;60;55;1516;153;169;1462
2026-09-24;19;2026-09;Jueves;Venta;AG03201;60;51;1436;62;159;1403
2026-09-24;20;2026-09;Jueves;SAC;AG01201;60;59;4446;206;721;106
2026-09-24;20;2026-09;Jueves;PQRS;AG02201;60;57;4468;148;349;103
2026-09-24;20;2026-09;Jueves;Venta;AG03201;60;57;350;0;31;3039
2026-09-24;21;2026-09;Jueves;SAC;AG01201;60;58;1500;136;219;1625
2026-09-24;21;2026-09;Jueves;PQRS;AG02201;60;59;1063;123;119;2235
2026-09-24;22;2026-09;Jueves;SAC;AG01201;60;57;1499;75;199;1647
2026-09-24;22;2026-09;Jueves;PQRS;AG02201;60;55;1455;0;134;1711
2026-09-25;7;2026-09;Viernes;SAC;AG01101;60;57;637;27;224;2532
2026-09-25;7;2026-09;Viernes;PQRS;AG02101;60;58;1243;14;94;2129
2026-09-25;8;2026-09;Viernes;SAC;AG01101;60;53;997;118;211;1854
2026-09-25;8;2026-09;Viernes;PQRS;AG02101;60;56;1471;53;118;1718
2026-09-25;9;2026-09;Viernes;SAC;AG01101;60;57;2030;88;342;960
2026-09-25;9;2026-09;Viernes;PQRS;AG02101;60;57;2886;76;237;221
2026-09-25;9;2026-09;Viernes;Venta;AG03101;60;56;368;0;44;2948
2026-09-25;10;2026-09;Viernes;SAC;AG01101;60;58;3229;321;502;104
2026-09-25;10;2026-09;Viernes;PQRS;AG02101;60;56;3021;74;273;101
2026-09-25;10;2026-09;Viernes;Venta;AG03101;60;56;263;0;16;3081
2026-09-25;11;2026-09;Viernes;SAC;AG01101;60;54;3136;209;573;97
2026-09-25;11;2026-09;Viernes;PQRS;AG02101;60;55;3156;118;252;99
2026-09-25;11;2026-09;Viernes;PQRS;AG02102;60;54;3435;499;372;97
2026-09-25;11;2026-09;Viernes;Venta;AG03101;60;57;683;0;63;2674
2026-09-25;12;2026-09;Viernes;SAC;AG01101;60;60;2535;64;461;540
2026-09-25;12;2026-09;Viernes;PQRS;AG02101;60;59;1545;55;261;1679
2026-09-25;12;2026-09;Viernes;PQRS;AG02102;60;54;1447;0;193;1600
2026-09-25;12;2026-09;Viernes;Venta;AG03101;60;53;1079;0;101;2000
2026-09-25;13;2026-09;Viernes;SAC;AG01101;60;59;3608;336;660;106
2026-09-25;13;2026-09;Viernes;PQRS;AG02101;60;51;3068;166;361;92
2026-09-25;13;2026-09;Viernes;Venta;AG03101;60;51;840;8;54;2158
2026-09-25;14;2026-09;Viernes;SAC;AG01101;60;57;2676;169;536;103
2026-09-25;14;2026-09;Viernes;PQRS;AG02101;60;56;4345;204;348;101
2026-09-25;14;2026-09;Viernes;Venta;AG03101;60;58;353;35;25;3067
2026-09-25;15;2026-09;Viernes;SAC;AG01201;60;58;2776;295;437;104
2026-09-25;15;2026-09;Viernes;PQRS;AG02201;60;53;2863;229;245;95
2026-09-25;15;2026-09;Viernes;Venta;AG03201;60;51;923;5;65;2067
2026-09-25;16;2026-09;Viernes;SAC;AG01201;60;59;2061;171;388;920
2026-09-25;16;2026-09;Viernes;PQRS;AG02201;60;56;1761;94;161;1344
2026-09-25;16;2026-09;Viernes;Venta;AG03201;60;54;2091;86;128;935
2026-09-25;17;2026-09;Viernes;SAC;AG01201;60;57;2611;175;579;103
2026-09-25;17;2026-09;Viernes;PQRS;AG02201;60;51;1308;27;140;1585
2026-09-25;17;2026-09;Viernes;Venta;AG03201;60;58;1171;34;170;2105
2026-09-25;18;2026-09;Viernes;SAC;AG01201;60;58;3752;208;553;104
2026-09-25;18;2026-09;Viernes;PQRS;AG02201;60;58;3907;40;274;104
2026-09-25;18;2026-09;Viernes;Venta;AG03201;60;58;626;13;84;2757
2026-09-25;19;2026-09;Viernes;SAC;AG01201;60;58;2119;209;408;744
2026-09-25;19;2026-09;Viernes;PQRS;AG02201;60;58;5214;380;547;104
2026-09-25;19;2026-09;Viernes;Venta;AG03201;60;58;2285;2;235;958
2026-09-25;20;2026-09;Viernes;SAC;AG01201;60;56;3846;215;706;101
2026-09-25;20;2026-09;Viernes;PQRS;AG02201;60;57;6230;316;610;103
2026-09-25;20;2026-09;Viernes;Venta;AG03201;60;58;379;82;26;2993
2026-09-25;21;2026-09;Viernes;SAC;AG01201;60;57;3778;183;415;103
2026-09-25;21;2026-09;Viernes;PQRS;AG02201;60;57;1802;94;284;1240
2026-09-25;22;2026-09;Viernes;SAC;AG01201;60;56;1709;267;295;1089
2026-09-25;22;2026-09;Viernes;PQRS;AG02201;60;55;1291;87;132;1790
2026-09-26;7;2026-09;Sábado;SAC;AG01101;60;57;0;0;0;3420
2026-09-26;7;2026-09;Sábado;PQRS;AG02101;60;58;969;0;111;2400
2026-09-26;8;2026-09;Sábado;SAC;AG01101;60;48;821;0;120;1939
2026-09-26;8;2026-09;Sábado;PQRS;AG02101;60;56;1243;0;153;1964
2026-09-26;9;2026-09;Sábado;SAC;AG01101;60;56;1893;8;280;1179
2026-09-26;9;2026-09;Sábado;PQRS;AG02101;60;53;2061;123;148;848
2026-09-26;9;2026-09;Sábado;Venta;AG03101;60;58;1067;0;59;2354
2026-09-26;10;2026-09;Sábado;SAC;AG01101;60;57;2606;48;445;321
2026-09-26;10;2026-09;Sábado;PQRS;AG02101;60;56;2807;182;264;107
2026-09-26;10;2026-09;Sábado;Venta;AG03101;60;58;331;32;38;3079
2026-09-26;11;2026-09;Sábado;SAC;AG01101;60;57;2902;55;463;103
2026-09-26;11;2026-09;Sábado;PQRS;AG02101;60;58;2416;143;308;613
2026-09-26;11;2026-09;Sábado;Venta;AG03101;60;57;478;53;79;2810
2026-09-26;12;2026-09;Sábado;SAC;AG01101;60;53;2110;107;320;643
2026-09-26;12;2026-09;Sábado;PQRS;AG02101;60;57;249;0;25;3146
2026-09-26;12;2026-09;Sábado;Venta;AG03101;60;56;665;121;103;2471
2026-09-26;13;2026-09;Sábado;SAC;AG01101;60;53;3470;144;484;95
2026-09-26;13;2026-09;Sábado;PQRS;AG02101;60;49;3534;217;394;88
2026-09-26;13;2026-09;Sábado;Venta;AG03101;60;55;616;0;73;2611
2026-09-26;14;2026-09;Sábado;SAC;AG01101;60;55;1246;287;185;1582
2026-09-26;14;2026-09;Sábado;PQRS;AG02101;60;56;2034;210;220;896
2026-09-26;14;2026-09;Sábado;Venta;AG03101;60;55;998;57;53;2192
2026-09-26;15;2026-09;Sábado;SAC;AG01201;60;58;1766;107;347;1260
2026-09-26;15;2026-09;Sábado;PQRS;AG02201;60;57;2449;0;209;762
2026-09-26;15;2026-09;Sábado;Venta;AG03201;60;59;203;0;35;3302
2026-09-26;16;2026-09;Sábado;SAC;AG01201;60;52;2188;0;230;702
2026-09-26;16;2026-09;Sábado;PQRS;AG02201;60;52;3929;478;317;94
2026-09-26;16;2026-09;Sábado;Venta;AG03201;60;50;415;32;26;2527
2026-09-26;17;2026-09;Sábado;SAC;AG01201;60;56;929;97;117;2217
2026-09-26;17;2026-09;Sábado;PQRS;AG02201;60;59;2278;72;218;972
2026-09-26;17;2026-09;Sábado;Venta;AG03201;60;53;719;0;73;2388
2026-09-26;18;2026-09;Sábado;SAC;AG01201;60;57;1790;54;348;1228
2026-09-26;18;2026-09;Sábado;PQRS;AG02201;60;53;2643;233;296;95
2026-09-26;18;2026-09;Sábado;Venta;AG03201;60;52;92;0;37;2991
2026-09-26;19;2026-09;Sábado;SAC;AG01201;60;55;2426;454;470;99
2026-09-26;19;2026-09;Sábado;PQRS;AG02201;60;57;2643;172;338;267
2026-09-26;19;2026-09;Sábado;Venta;AG03201;60;53;151;0;30;2999
2026-09-26;20;2026-09;Sábado;SAC;AG01201;60;58;913;130;185;2252
2026-09-26;20;2026-09;Sábado;PQRS;AG02201;60;56;3081;147;301;101
2026-09-26;20;2026-09;Sábado;Venta;AG03201;60;56;973;64;94;2229
2026-09-26;21;2026-09;Sábado;SAC;AG01201;60;60;571;59;39;2931
2026-09-26;21;2026-09;Sábado;PQRS;AG02201;60;54;1010;22;84;2124
2026-09-26;22;2026-09;Sábado;SAC;AG01201;60;58;2533;185;301;461
2026-09-26;22;2026-09;Sábado;PQRS;AG02201;60;55;606;60;46;2588
2026-09-27;7;2026-09;Domingo;SAC;AG01101;60;55;0;0;0;3300
2026-09-27;7;2026-09;Domingo;PQRS;AG02101;60;52;0;0;0;3120
2026-09-27;8;2026-09;Domingo;SAC;AG01101;60;54;163;51;45;2981
2026-09-27;8;2026-09;Domingo;PQRS;AG02101;60;53;340;0;28;2812
2026-09-27;9;2026-09;Domingo;SAC;AG01101;60;56;1115;180;210;1855
2026-09-27;9;2026-09;Domingo;PQRS;AG02101;60;51;3657;134;336;92
2026-09-27;9;2026-09;Domingo;Venta;AG03101;60;52;1244;0;68;1808
2026-09-27;10;2026-09;Domingo;SAC;AG01101;60;57;1762;89;342;1227
2026-09-27;10;2026-09;Domingo;PQRS;AG02101;60;59;1632;214;141;1553
2026-09-27;10;2026-09;Domingo;Venta;AG03101;60;58;745;0;63;2672
2026-09-27;11;2026-09;Domingo;SAC;AG01101;60;57;1246;168;185;1821
2026-09-27;11;2026-09;Domingo;PQRS;AG02101;60;59;2426;92;262;760
2026-09-27;11;2026-09;Domingo;Venta;AG03101;60;52;1358;43;92;1627
2026-09-27;12;2026-09;Domingo;SAC;AG01101;60;53;2152;253;379;396
2026-09-27;12;2026-09;Domingo;PQRS;AG02101;60;58;2680;254;328;218
2026-09-27;12;2026-09;Domingo;Venta;AG03101;60;55;1020;148;117;2015
2026-09-27;13;2026-09;Domingo;SAC;AG01101;60;52;1840;163;257;860
2026-09-27;13;2026-09;Domingo;PQRS;AG02101;60;55;1548;26;268;1458
2026-09-27;13;2026-09;Domingo;Venta;AG03101;60;55;219;0;44;3037
2026-09-27;14;2026-09;Domingo;SAC;AG01101;60;54;1549;152;271;1268
2026-09-27;14;2026-09;Domingo;PQRS;AG02101;60;57;1630;185;156;1449
2026-09-27;14;2026-09;Domingo;Venta;AG03101;60;53;588;0;33;2559
2026-09-27;15;2026-09;Domingo;SAC;AG01201;60;57;610;54;174;2582
2026-09-27;15;2026-09;Domingo;PQRS;AG02201;60;58;2578;0;223;679
2026-09-27;15;2026-09;Domingo;Venta;AG03201;60;56;291;0;95;2974
2026-09-27;16;2026-09;Domingo;SAC;AG01201;60;54;1199;66;203;1772
2026-09-27;16;2026-09;Domingo;PQRS;AG02201;60;54;1242;22;146;1830
2026-09-27;16;2026-09;Domingo;Venta;AG03201;60;56;122;0;45;3193
2026-09-27;17;2026-09;Domingo;SAC;AG01201;60;56;1571;184;273;1332
2026-09-27;17;2026-09;Domingo;PQRS;AG02201;60;56;3867;162;331;101
2026-09-27;17;2026-09;Domingo;Venta;AG03201;60;54;624;24;62;2530
2026-09-27;18;2026-09;Domingo;SAC;AG01201;60;57;1228;65;266;1861
2026-09-27;18;2026-09;Domingo;PQRS;AG02201;60;53;2746;24;191;219
2026-09-27;18;2026-09;Domingo;Venta;AG03201;60;55;2005;60;198;1037
2026-09-27;19;2026-09;Domingo;SAC;AG01201;60;58;2210;191;358;721
2026-09-27;19;2026-09;Domingo;PQRS;AG02201;60;55;1994;86;200;1020
2026-09-27;19;2026-09;Domingo;Venta;AG03201;60;57;233;23;25;3139
2026-09-27;20;2026-09;Domingo;SAC;AG01201;60;58;1651;83;251;1495
2026-09-27;20;2026-09;Domingo;PQRS;AG02201;60;50;1781;69;136;1014
2026-09-27;20;2026-09;Domingo;Venta;AG03201;60;58;0;0;0;3480
2026-09-27;21;2026-09;Domingo;SAC;AG01201;60;59;2148;67;273;1052
2026-09-27;21;2026-09;Domingo;PQRS;AG02201;60;58;1519;75;178;1708
2026-09-27;22;2026-09;Domingo;SAC;AG01201;60;57;193;0;31;3196
2026-09-27;22;2026-09;Domingo;PQRS;AG02201;60;55;1352;132;174;1642
2026-09-28;7;2026-09;Lunes;SAC;AG01101;60;57;1119;70;229;2002
2026-09-28;7;2026-09;Lunes;PQRS;AG02101;60;52;648;48;101;2323
2026-09-28;8;2026-09;Lunes;SAC;AG01101;60;54;2951;237;458;97
2026-09-28;8;2026-09;Lunes;PQRS;AG02101;60;56;2347;61;242;710
2026-09-28;9;2026-09;Lunes;SAC;AG01101;60;57;2060;169;346;845
2026-09-28;9;2026-09;Lunes;PQRS;AG02101;60;57;4779;123;455;103
2026-09-28;9;2026-09;Lunes;Venta;AG03101;60;57;645;35;87;2653
2026-09-28;10;2026-09;Lunes;SAC;AG01101;60;58;1871;48;356;1205
2026-09-28;10;2026-09;Lunes;PQRS;AG02101;60;59;4844;241;372;106
2026-09-28;10;2026-09;Lunes;Venta;AG03101;60;57;523;0;44;2853
2026-09-28;11;2026-09;Lunes;SAC;AG01101;60;59;4239;445;831;106
2026-09-28;11;2026-09;Lunes;PQRS;AG02101;60;59;2223;0;244;1073
2026-09-28;11;2026-09;Lunes;PQRS;AG02102;60;57;3020;149;196;103
2026-09-28;11;2026-09;Lunes;Venta;AG03101;60;52;1678;36;167;1239
2026-09-28;12;2026-09;Lunes;SAC;AG01101;60;54;2749;481;625;97
2026-09-28;12;2026-09;Lunes;PQRS;AG02101;60;57;2275;144;249;752
2026-09-28;12;2026-09;Lunes;PQRS;AG02102;60;50;3009;318;278;90
2026-09-28;12;2026-09;Lunes;Venta;AG03101;60;52;1095;49;95;1881
2026-09-28;13;2026-09;Lunes;SAC;AG01101;60;52;1453;147;378;1142
2026-09-28;13;2026-09;Lunes;PQRS;AG02101;60;55;4707;68;459;99
2026-09-28;13;2026-09;Lunes;Venta;AG03101;60;57;0;0;0;3420
2026-09-28;14;2026-09;Lunes;SAC;AG01101;60;46;2496;124;317;83
2026-09-28;14;2026-09;Lunes;PQRS;AG02101;60;58;3943;110;451;104
2026-09-28;14;2026-09;Lunes;Venta;AG03101;60;57;0;0;0;3420
2026-09-28;15;2026-09;Lunes;SAC;AG01201;60;59;1439;372;278;1451
2026-09-28;15;2026-09;Lunes;PQRS;AG02201;60;53;3006;182;332;95
2026-09-28;15;2026-09;Lunes;Venta;AG03201;60;57;841;0;69;2510
2026-09-28;16;2026-09;Lunes;SAC;AG01201;60;53;3391;313;502;95
2026-09-28;16;2026-09;Lunes;PQRS;AG02201;60;56;3986;212;381;101
2026-09-28;16;2026-09;Lunes;Venta;AG03201;60;58;262;3;28;3187
2026-09-28;17;2026-09;Lunes;SAC;AG01201;60;56;2212;80;391;677
2026-09-28;17;2026-09;Lunes;PQRS;AG02201;60;55;3562;80;326;99
2026-09-28;17;2026-09;Lunes;Venta;AG03201;60;57;1610;60;105;1645
2026-09-28;18;2026-09;Lunes;SAC;AG01201;60;59;3232;269;665;106
2026-09-28;18;2026-09;Lunes;PQRS;AG02201;60;55;7703;506;637;99
2026-09-28;18;2026-09;Lunes;Venta;AG03201;60;51;0;0;0;3060
2026-09-28;19;2026-09;Lunes;SAC;AG01201;60;56;3711;110;683;101
2026-09-28;19;2026-09;Lunes;PQRS;AG02201;60;55;5016;250;519;99
2026-09-28;19;2026-09;Lunes;Venta;AG03201;60;56;1302;0;153;1905
2026-09-28;20;2026-09;Lunes;SAC;AG01201;60;52;1309;134;229;1448
2026-09-28;20;2026-09;Lunes;PQRS;AG02201;60;54;1382;84;192;1582
2026-09-28;20;2026-09;Lunes;Venta;AG03201;60;54;543;0;43;2654
2026-09-28;21;2026-09;Lunes;SAC;AG01201;60;55;2140;203;368;589
2026-09-28;21;2026-09;Lunes;PQRS;AG02201;60;59;2443;62;200;835
2026-09-28;22;2026-09;Lunes;SAC;AG01201;60;58;2517;191;332;440
2026-09-28;22;2026-09;Lunes;PQRS;AG02201;60;53;1965;80;222;913
2026-09-29;7;2026-09;Martes;SAC;AG01101;60;58;1049;117;156;2158
2026-09-29;7;2026-09;Martes;PQRS;AG02101;60;59;0;0;0;3540
2026-09-29;8;2026-09;Martes;SAC;AG01101;60;59;3328;279;360;106
2026-09-29;8;2026-09;Martes;PQRS;AG02101;60;54;765;4;97;2374
2026-09-29;9;2026-09;Martes;SAC;AG01101;60;56;2162;97;377;724
2026-09-29;9;2026-09;Martes;PQRS;AG02101;60;57;1284;0;96;2040
2026-09-29;9;2026-09;Martes;Venta;AG03101;60;53;702;52;78;2348
2026-09-29;10;2026-09;Martes;SAC;AG01101;60;55;1362;81;336;1521
2026-09-29;10;2026-09;Martes;PQRS;AG02101;60;51;1993;196;251;620
2026-09-29;10;2026-09;Martes;Venta;AG03101;60;53;741;48;67;2324
2026-09-29;11;2026-09;Martes;SAC;AG01101;60;59;2973;272;548;106
2026-09-29;11;2026-09;Martes;PQRS;AG02101;60;58;3434;235;299;104
2026-09-29;11;2026-09;Martes;PQRS;AG02102;60;58;2103;236;207;934
2026-09-29;11;2026-09;Martes;Venta;AG03101;60;57;689;57;69;2605
2026-09-29;12;2026-09;Martes;SAC;AG01101;60;53;2186;161;366;467
2026-09-29;12;2026-09;Martes;PQRS;AG02101;60;55;1856;64;146;1234
2026-09-29;12;2026-09;Martes;PQRS;AG02102;60;55;2799;302;275;99
2026-09-29;12;2026-09;Martes;Venta;AG03101;60;58;1623;40;107;1710
2026-09-29;13;2026-09;Martes;SAC;AG01101;60;55;1680;118;380;1122
2026-09-29;13;2026-09;Martes;PQRS;AG02101;60;55;2246;24;288;742
2026-09-29;13;2026-09;Martes;Venta;AG03101;60;55;231;16;13;3040
2026-09-29;14;2026-09;Martes;SAC;AG01101;60;56;2144;296;376;544
2026-09-29;14;2026-09;Martes;PQRS;AG02101;60;56;4384;166;388;101
2026-09-29;14;2026-09;Martes;Venta;AG03101;60;56;383;27;45;2905
2026-09-29;15;2026-09;Martes;SAC;AG01201;60;58;3032;228;517;104
2026-09-29;15;2026-09;Martes;PQRS;AG02201;60;57;1278;88;118;1936
2026-09-29;15;2026-09;Martes;Venta;AG03201;60;56;242;0;23;3095
2026-09-29;16;2026-09;Martes;SAC;AG01201;60;55;1957;141;349;853
2026-09-29;16;2026-09;Martes;PQRS;AG02201;60;58;3352;51;281;104
2026-09-29;16;2026-09;Martes;Venta;AG03201;60;56;1004;107;133;2116
2026-09-29;17;2026-09;Martes;SAC;AG01201;60;57;1830;144;302;1144
2026-09-29;17;2026-09;Martes;PQRS;AG02201;60;59;3396;192;386;106
2026-09-29;17;2026-09;Martes;Venta;AG03201;60;57;802;34;96;2488
2026-09-29;18;2026-09;Martes;SAC;AG01201;60;50;2596;74;419;90
2026-09-29;18;2026-09;Martes;PQRS;AG02201;60;56;3434;325;434;101
2026-09-29;18;2026-09;Martes;Venta;AG03201;60;57;282;32;33;3073
2026-09-29;19;2026-09;Martes;SAC;AG01201;60;58;2393;166;379;542
2026-09-29;19;2026-09;Martes;PQRS;AG02201;60;56;5957;385;429;101
2026-09-29;19;2026-09;Martes;Venta;AG03201;60;58;304;14;31;3131
2026-09-29;20;2026-09;Martes;SAC;AG01201;60;58;4685;251;742;104
2026-09-29;20;2026-09;Martes;PQRS;AG02201;60;54;4119;116;351;97
2026-09-29;20;2026-09;Martes;Venta;AG03201;60;57;234;50;24;3112
2026-09-29;21;2026-09;Martes;SAC;AG01201;60;53;3046;227;484;95
2026-09-29;21;2026-09;Martes;PQRS;AG02201;60;59;1374;179;176;1811
2026-09-29;22;2026-09;Martes;SAC;AG01201;60;56;1254;35;198;1873
2026-09-29;22;2026-09;Martes;PQRS;AG02201;60;53;454;0;96;2630
2026-09-30;7;2026-09;Miércoles;SAC;AG01101;60;53;1513;72;174;1421
2026-09-30;7;2026-09;Miércoles;PQRS;AG02101;60;55;0;0;0;3300
2026-09-30;8;2026-09;Miércoles;SAC;AG01101;60;58;1738;52;157;1533
2026-09-30;8;2026-09;Miércoles;PQRS;AG02101;60;55;1154;80;210;1856
2026-09-30;9;2026-09;Miércoles;SAC;AG01101;60;49;994;112;167;1667
2026-09-30;9;2026-09;Miércoles;PQRS;AG02101;60;58;3936;201;335;104
2026-09-30;9;2026-09;Miércoles;Venta;AG03101;60;48;1084;0;102;1694
2026-09-30;10;2026-09;Miércoles;SAC;AG01101;60;54;3395;140;591;97
2026-09-30;10;2026-09;Miércoles;PQRS;AG02101;60;57;4628;117;455;103
2026-09-30;10;2026-09;Miércoles;Venta;AG03101;60;55;740;0;79;2481
2026-09-30;11;2026-09;Miércoles;SAC;AG01101;60;55;2636;192;498;99
2026-09-30;11;2026-09;Miércoles;PQRS;AG02101;60;54;2843;44;328;97
2026-09-30;11;2026-09;Miércoles;Venta;AG03101;60;59;1622;72;153;1693
2026-09-30;12;2026-09;Miércoles;SAC;AG01101;60;59;3231;219;583;106
2026-09-30;12;2026-09;Miércoles;PQRS;AG02101;60;55;4513;219;491;99
2026-09-30;12;2026-09;Miércoles;Venta;AG03101;60;57;0;0;0;3420
2026-09-30;13;2026-09;Miércoles;SAC;AG01101;60;56;3642;204;575;101
2026-09-30;13;2026-09;Miércoles;PQRS;AG02101;60;45;4878;155;451;81
2026-09-30;13;2026-09;Miércoles;Venta;AG03101;60;58;1103;67;110;2200
2026-09-30;14;2026-09;Miércoles;SAC;AG01101;60;59;2211;131;312;886
2026-09-30;14;2026-09;Miércoles;PQRS;AG02101;60;58;4103;96;325;104
2026-09-30;14;2026-09;Miércoles;Venta;AG03101;60;51;0;0;0;3060
2026-09-30;15;2026-09;Miércoles;SAC;AG01201;60;58;2926;45;275;234
2026-09-30;15;2026-09;Miércoles;PQRS;AG02201;60;56;2266;42;236;816
2026-09-30;15;2026-09;Miércoles;Venta;AG03201;60;57;299;27;38;3056
2026-09-30;16;2026-09;Miércoles;SAC;AG01201;60;54;905;197;113;2025
2026-09-30;16;2026-09;Miércoles;PQRS;AG02201;60;51;3147;170;298;92
2026-09-30;16;2026-09;Miércoles;Venta;AG03201;60;56;258;0;34;3068
2026-09-30;17;2026-09;Miércoles;SAC;AG01201;60;51;2929;263;529;92
2026-09-30;17;2026-09;Miércoles;PQRS;AG02201;60;54;3907;144;342;97
2026-09-30;17;2026-09;Miércoles;Venta;AG03201;60;55;1014;64;99;2123
2026-09-30;18;2026-09;Miércoles;SAC;AG01201;60;49;1178;43;329;1390
2026-09-30;18;2026-09;Miércoles;PQRS;AG02201;60;58;3508;152;244;104
2026-09-30;18;2026-09;Miércoles;Venta;AG03201;60;55;2094;58;197;951
2026-09-30;19;2026-09;Miércoles;SAC;AG01201;60;55;2275;297;399;329
2026-09-30;19;2026-09;Miércoles;PQRS;AG02201;60;57;3418;298;320;103
2026-09-30;19;2026-09;Miércoles;Venta;AG03201;60;59;2133;25;175;1207
2026-09-30;20;2026-09;Miércoles;SAC;AG01201;60;53;3587;256;617;95
2026-09-30;20;2026-09;Miércoles;PQRS;AG02201;60;57;2687;79;224;430
2026-09-30;20;2026-09;Miércoles;Venta;AG03201;60;48;2383;184;238;86
2026-09-30;21;2026-09;Miércoles;SAC;AG01201;60;57;2205;332;289;594
2026-09-30;21;2026-09;Miércoles;PQRS;AG02201;60;57;1676;68;175;1501
2026-09-30;22;2026-09;Miércoles;SAC;AG01201;60;56;1368;177;169;1646
2026-09-30;22;2026-09;Miércoles;PQRS;AG02201;60;57;771;57;40;2552
